0,5gn8
1,nd76
2,fa8n
3,5cg2
4,324e
5,ygfa
6,fm8a
7,ydea
8,7egy
9,3ayp
10,ye6e
11,pwy5
12,b3mm
13,73bw
14,d6ce
15,gn87
16,7pce
17,xx4w
18,2w66
19,b8fb
20,pn2e
21,x243
22,6ege
23,aybn
24,e3fw
25,fcdc
26,g622
27,xbep
28,fa6d
29,e7p2
30,newb
31,baan
32,m58m
33,bync
34,3xn4
35,befe
36,5g8m
37,y6x3
38,43fc
39,e78f
40,a28e
41,ba35
42,d35d
43,an5e
44,fx38
45,4ygb
46,ggx4
47,gf4c
48,x4c8
49,ggff
50,eea4
51,5nf8
52,72db
53,62fe
54,gc53
55,gca3
56,n82p
57,pgc5
58,a4fc
59,ym7f
60,y443
61,y5d2
62,mme7
63,ny87
64,6p67
65,c8dw
66,b5yf
67,86m4
68,6yc8
69,aanp
70,cg2x
71,d7gy
72,app3
73,58n5
74,g3mc
75,m7ny
76,ff3f
77,ac7m
78,mb6d
79,dc8n
80,yppx
81,2f4e
82,2pxe
83,77af
84,c4a6
85,dwma
86,pc72
87,8dw8
88,em32
89,x5me
90,n27x
91,d6fm
92,ebd7
93,ccyg
94,7dmn
95,bnmc
96,fecc
97,87ww
98,c2m4
99,84m3
100,w7y2
101,f64y
102,47d5
103,37nb
104,8d37
105,3xwe
106,6cba
107,4ew7
108,bdxe
109,a5bn
110,ebae
111,bm6e
112,2b37
113,dync
114,8m75
115,gx38
116,w53p
117,gf63
118,8yde
119,xmdm
120,gma5
121,ac86
122,dye5
123,pyxa
124,3efx
125,3eax
126,gywa
127,5gb4
128,e2gg
129,f735
130,m8bg
131,nw2e
132,m4pc
133,b47n
134,7pcx
135,3my2
136,628n
137,y532
138,478w
139,ndce
140,y6d5
141,aga6
142,77wg
143,x68x
144,xpdf
145,wg54
146,2x8m
147,p63c
148,cma7
149,wwe8
150,cngy
151,3yba
152,yn85
153,dn4n
154,e75f
155,2c2x
156,edd7
157,x6bg
158,f75g
159,4g4b
160,y8b6
161,peyp
162,6p3b
163,d8a6
164,adpd
165,fx6w
166,367y
167,y6p3
168,44n4
169,cmyc
170,cadg
171,y685
172,852f
173,2g76
174,bfwb
175,ddx4
176,27aa
177,c6df
178,4mw6
179,empx
180,4x6d
181,35w3
182,2bg6
183,w25p
184,eyx2
185,8aac
186,xn8w
187,eypn
188,dgc4
189,gdxp
190,ew4x
191,x2mc
192,ae44
193,66ce
194,5py6
195,ea7n
196,7mpw
197,62a2
198,ebxw
199,w8yf
200,wwbe
201,ecgy
202,ydyn
203,f6yy
204,4nfy
205,gyb3
206,3gw5
207,6f23
208,3px3
209,5n7g
210,5epe
211,xbpe
212,65ea
213,e3dc
214,d2mn
215,3e8c
216,83be
217,a7ab
218,f6yy
219,m2g5
220,4ef4
221,6dcn
222,wpgg
223,7ceb
224,wdp6
225,64p7
226,mdym
227,4wfa
228,e6nn
229,8cg7
230,yxdf
231,apm2
232,d7w2
233,7pdg
234,myb4
235,epdd
236,42g4
237,g8en
238,2xbg
239,8een
240,8bx6
241,3b7m
242,aedy
243,m467
244,8w88
245,n528
246,52aw
247,7dpc
248,3bg8
249,6fax
250,84f8
251,ypd2
252,mwdn
253,e46n
254,2mfp
255,6wda
256,gf6w
257,ayga
258,wfap
259,yaye
260,5m6e
261,xgcc
262,c4f4
263,88f6
264,5gnp
265,ng6m
266,cxp5
267,wmg3
268,3mn2
269,2c36
270,3ef8
271,48d7
272,ae7n
273,ee76
274,2fn6
275,aaan
276,bn8w
277,en4w
278,wpg6
279,dywa
280,gdyc
281,mdy4
282,3en8
283,e58x
284,epf4
285,wmm3
286,n8xd
287,2fay
288,me44
289,p48d
290,cn3n
291,pwyg
292,87p5
293,2ynw
294,g5nb
295,mpf4
296,e2p6
297,wy3w
298,w225
299,mme5
300,454c
301,dab5
302,7agb
303,e3nm
304,gywm
305,f634
306,a37d
307,a2xg
308,5ayp
309,7m3g
310,58x5
311,2dp7
312,x5nd
313,g6xe
314,7wyb
315,y7md
316,p43w
317,p5xw
318,42cx
319,mb4n
320,3f57
321,eaaf
322,4man
323,a8b8
324,386d
325,ge2m
326,2p8b
327,7dwe
328,xefm
329,8p62
330,y2fd
331,xbxw
332,axna
333,g86x
334,c3m7
335,ae74
336,3p3f
337,45aw
338,d7e3
339,3gwg
340,nnpw
341,bc8y
342,7wy2
343,557g
344,dgca
345,m44w
346,wgec
347,a78d
348,bc54
349,ecnx
350,6cwy
351,853p
352,e5yd
353,e2fd
354,gnmd
355,b8d6
356,7wpb
357,ef8b
358,g4fm
359,cacp
360,5abp
361,8ydc
362,fppa
363,6n5d
364,7e52
365,4dp7
366,xfx6
367,c2n6
368,7xey
369,cb3d
370,pxm7
371,mg5c
372,bxp7
373,5axf
374,ny2m
375,xdng
376,66np
377,3xcb
378,2d2g
379,cpa2
380,5w36
381,4xy4
382,7wcy
383,57en
384,bcw2
385,8a7g
386,58m8
387,66a6
388,nexx
389,c66x
390,aea2
391,4ccm
392,4w2x
393,76p4
394,x256
395,de25
396,ddwy
397,fp22
398,87ce
399,f68a
400,56fn
401,fgne
402,8m7w
403,x55f
404,ymm2
405,ycnw
406,ep2d
407,36g7
408,2xna
409,cw6w
410,2f62
411,6emp
412,mca7
413,e4yg
414,m7xp
415,dw66
416,abwg
417,ep8x
418,eyya
419,gnam
420,cx32
421,da7w
422,37xe
423,m78w
424,y4d6
425,mgdw
426,pdw8
427,y38m
428,2cbp
429,4cp2
430,m2b4
431,f75g
432,68m5
433,8a4n
434,a7pp
435,yn7c
436,nb6x
437,n4wn
438,gn7x
439,ndcg
440,7xf3
441,neyy
442,3efw
443,gywx
444,ydew
445,6gf8
446,7cyd
447,7ne3
448,83w4
449,c3yc
450,amd4
451,e68p
452,g637
453,w7eg
454,wme3
455,w82e
456,cxn4
457,fc3m
458,5na5
459,xxa6
460,ambx
461,nd5n
462,mn2g
463,7gm4
464,amxp
465,32ca
466,yeyc
467,pca5
468,2nw4
469,pad3
470,cycx
471,c262
472,ffxm
473,ca76
474,wf55
475,en4c
476,42xx
477,3xxb
478,ypyc
479,dcy7
480,8fga
481,2axd
482,3cdx
483,6eap
484,p688
485,865d
486,eaxm
487,w26b
488,c3wb
489,625c
490,33ac
491,ccgb
492,4n3x
493,p5b7
494,6nae
495,6gab
496,7a3p
497,23fm
498,m7y5
499,bm5x
500,w64x
501,ydc7
502,empp
503,e7my
504,p4ap
505,5axy
506,8bxm
507,wfw4
508,pncb
509,dg54
510,debb
511,p74p
512,xmpw
513,p235
514,g64f
515,bbad
516,mda5
517,an4c
518,wdw4
519,mpe8
520,cgm7
521,gngx
522,dpmb
523,xcxe
524,py74
525,yg75
526,2a66
527,ynw2
528,m8y7
529,mgnb
530,w6nd
531,axn4
532,mcxb
533,da3d
534,b3de
535,bfc7
536,8cn4
537,pxea
538,nmww
539,wdn8
540,ww3n
541,365x
542,63ea
543,b2x5
544,bwa5
545,yfx8
546,bxwd
547,7f4a
548,bee2
549,wc52
550,wbfc
551,6fw8
552,cwxp
553,fnw3
554,65gp
555,mf83
556,dd5c
557,effb
558,nfaf
559,xcc4
560,7pbc
561,d3db
562,5w4a
563,3686
564,fpx2
565,w2y8
566,xxm5
567,2wny
568,33e2
569,yc8y
570,f63e
571,74fn
572,xn3x
573,fxx4
574,byg5
575,m7p7
576,x5nc
577,76pc
578,bp6w
579,edy7
580,c3wm
581,bcxe
582,f5bf
583,523b
584,bf78
585,4mfw
586,pcnw
587,5wbd
588,mgca
589,x4dg
590,ac34
591,7wmf
592,5efy
593,epf7
594,d5nd
595,dpya
596,md53
597,7g7e
598,27c4
599,3px2
600,xed4
601,e6mm
602,4g2g
603,mgxc
604,xa4y
605,wdf5
606,b4yx
607,paen
608,eb34
609,4can
610,wpbm
611,8dna
612,b5ec
613,nm76
614,76en
615,4g3a
616,3ca4
617,86a5
618,weaw
619,c8d6
620,7336
621,868b
622,4e3y
623,ypwg
624,fbgx
625,4ypy
626,eg3g
627,m53b
628,624p
629,ncyp
630,c3p2
631,xpxc
632,xbg4
633,eg4g
634,mf2c
635,6c46
636,npm7
637,3nmf
638,p24x
639,epdy
640,wmd6
641,gec3
642,dymf
643,nypm
644,575x
645,wyc6
646,mw88
647,mmxf
648,da5a
649,wgcc
650,m6x2
651,en7m
652,ba88
653,66cw
654,pf26
655,7cfg
656,2ywb
657,635m
658,e4n8
659,apcd
660,gd4a
661,ygme
662,y5fb
663,mw4p
664,e7nf
665,apg2
666,3cep
667,bp3c
668,dydp
669,b46n
670,765b
671,47ew
672,ewga
673,ca64
674,e8p7
675,4675
676,bpxy
677,xg82
678,epg7
679,e5nb
680,4p6m
681,fwpm
682,x54g
683,58b5
684,eyad
685,b6a6
686,472y
687,nyen
688,dgfx
689,bxnm
690,5df4
691,788d
692,d7w8
693,42bc
694,gw6c
695,n46p
696,5yf3
697,fwe4
698,mybx
699,c7y5
700,p7e4
701,4fem
702,62f8
703,gpx8
704,62c3
705,anyw
706,p2wf
707,p5an
708,bc8b
709,8mmp
710,bf66
711,bm4d
712,657n
713,4dwm
714,7yb4
715,587w
716,yng8
717,wmc3
718,b6am
719,e4ex
720,e875
721,x8wx
722,ycne
723,ypen
724,mewm
725,3an6
726,pf7d
727,cdw8
728,mfxp
729,2amm
730,c4be
731,2786
732,874g
733,b6ef
734,7ef3
735,w6y2
736,3edb
737,7gyf
738,m6ce
739,cdwb
740,6m6b
741,beew
742,3e4p
743,gmf5
744,mx48
745,f6bf
746,xn66
747,m47n
748,mxen
749,yf23
750,wnnn
751,bd5b
752,gn78
753,4n4n
754,ax4w
755,3b4e
756,y658
757,yw6e
758,2y2c
759,bf6f
760,y28g
761,2b65
762,5wde
763,cbcf
764,m8nm
765,n67w
766,e4ww
767,832x
768,3g32
769,f4x6
770,nemc
771,6454
772,6exw
773,p2f5
774,7abp
775,ebd8
776,e42d
777,54e2
778,46ng
779,mxd3
780,dbp6
781,fwgf
782,8a4g
783,5pb2
784,c4e7
785,x788
786,a4fd
787,y2x8
788,fnn6
789,8ac5
790,2dxc
791,pcf7
792,ga5e
793,d84d
794,y5d7
795,22mc
796,bpnb
797,aeng
798,xpcc
799,yda8
800,y38p
801,448n
802,n58c
803,7wfn
804,cnaw
805,ey88
806,8nxe
807,gax4
808,x5g3
809,fnp8
810,4en3
811,766m
812,y2bm
813,3ge5
814,epeb
815,am4c
816,pg54
817,e6px
818,3bbm
819,mbdb
820,6wc8
821,gfy5
822,yp5y
823,enfd
824,dfp8
825,de8g
826,d57c
827,2p3x
828,7y8a
829,mg6n
830,fc5c
831,y35b
832,xfe2
833,844b
834,4yng
835,yywm
836,7mex
837,cxa4
838,26b3
839,65e6
840,eena
841,gf7e
842,b25b
843,4x8d
844,ac23
845,c3xm
846,pp67
847,fcn7
848,pe58
849,e3m7
850,p7xa
851,p735
852,y6f6
853,67xb
854,fg6d
855,maan
856,m6xd
857,c337
858,843m
859,xbny
860,ap6g
861,fgmy
862,cp2b
863,nbef
864,wfmd
865,684n
866,682m
867,3y7y
868,fa4n
869,w6en
870,am24
871,y82w
872,xpbp
873,8ffp
874,8dgc
875,gb3d
876,p24x
877,4ab8
878,5wmy
879,3dpe
880,4y6d
881,8xwg
882,f7de
883,eyy4
884,n4ad
885,7a43
886,d4xp
887,w67a
888,wwfy
889,cef7
890,xwb4
891,5b63
892,5nx4
893,2ap5
894,by6c
895,c3gn
896,6fmn
897,acg7
898,p537
899,w4fp
900,cfwa
901,7y7f
902,x7wf
903,w36x
904,85f7
905,wa45
906,egcx
907,g4e5
908,e2xc
909,y4c8
910,5dg6
911,e3xy
912,2anx
913,cm7d
914,57ny
915,8ex4
916,gy2g
917,gxf8
918,mmn4
919,8wa8
920,gwyg
921,2m3e
922,7m7d
923,3gf6
924,875f
925,exfg
926,wnxb
927,c642
928,8fne
929,253f
930,d7ny
931,f3yw
932,ww2x
933,yw84
934,mda7
935,ymym
936,2pfx
937,86pp
938,3xad
939,a4wm
940,4wan
941,aa5y
942,yfw3
943,wb2x
944,36x2
945,bamd
946,defa
947,4wbf
948,emng
949,4emf
950,3mdm
951,f8p4
952,my5d
953,mmxf
954,gwpp
955,bg75
956,2x3c
957,5w2n
958,debb
959,gp64
960,f824
961,np4n
962,eepn
963,3nd2
964,acx4
965,4m5d
966,d5cm
967,efa5
968,yewb
969,2np6
970,mdwa
971,nn2n
972,8ne2
973,mm7g
974,fg7x
975,7x2g
976,gc26
977,6mad
978,yg6n
979,my84
980,necg
981,y8x5
982,ggc8
983,7mb8
984,4xxg
985,gy3n
986,x4cx
987,ew4n
988,8nwx
989,xfcf
990,dxb2
991,f22e
992,mn4y
993,x72d
994,6cf7
995,3gdp
996,2n6d
997,6f43
998,anaa
999,wycb
1000,75ax
1001,4paa
1002,67n8
1003,n466
1004,44xw
1005,my4m
1006,5w6d
1007,b28m
1008,58bx
1009,4mb6
1010,wy7x
1011,32p4
1012,ypfw
1013,a57w
1014,x8bx
1015,aacg
1016,bwy4
1017,5pd2
1018,8wym
1019,d84m
1020,38fd
1021,4e5x
1022,fmbn
1023,e8gf
1024,mmp8
1025,g7fb
1026,ym67
1027,4gd4
1028,2n6a
1029,2y66
1030,c53e
1031,f3fg
1032,6bdw
1033,ne5c
1034,eex8
1035,wa8e
1036,43yd
1037,denf
1038,mcxe
1039,6epn
1040,wnw5
1041,3e76
1042,2c4p
1043,3w3g
1044,4w72
1045,4enf
1046,n6bp
1047,wg8g
1048,dpdc
1049,5y3m
1050,df74
1051,beae
1052,bae5
1053,5x6a
1054,4adm
1055,nmdf
1056,m66d
1057,c4x3
1058,b4db
1059,4857
1060,m5dm
1061,c6b2
1062,832y
1063,naw2
1064,gymm
1065,ydd3
1066,xefb
1067,yx68
1068,ayna
1069,by87
1070,2xnm
1071,d5wp
1072,fmcy
1073,cfef
1074,annd
1075,c4x2
1076,ccnn
1077,24ey
1078,e4mg
1079,dw7w
1080,38by
1081,pdb5
1082,e87e
1083,bm46
1084,np55
1085,a65x
1086,gn5a
1087,afnb
1088,bf85
1089,7wyp
1090,wp36
1091,wm8w
1092,2w3a
1093,a3p8
1094,dfn5
1095,ppf4
1096,wwcg
1097,dyyx
1098,4b2f
1099,be3w
1100,bedf
1101,gyye
1102,p876
1103,bp2x
1104,ycpf
1105,f7bw
1106,fbdy
1107,3cg7
1108,nmfx
1109,bac5
1110,f6wc
1111,2ew3
1112,nc7b
1113,ebbd
1114,7xax
1115,4pc8
1116,ge6b
1117,yda2
1118,wwye
1119,3df7
1120,8575
1121,a4fy
1122,5n7f
1123,5fee
1124,e7na
1125,enxd
1126,pbfp
1127,yde8
1128,7g5e
1129,524p
1130,5xeg
1131,a34n
1132,3mba
1133,m3cm
1134,me22
1135,x8wf
1136,g5ec
1137,62nb
1138,aaw6
1139,m6am
1140,33yx
1141,ygg8
1142,a74b
1143,y2ca
1144,22ay
1145,ffcm
1146,225e
1147,8cc6
1148,5dew
1149,6746
1150,w2y3
1151,nygc
1152,8wwc
1153,pnge
1154,x8f5
1155,exyc
1156,acn8
1157,5wbb
1158,cmym
1159,8p5n
1160,ed68
1161,xmg8
1162,c2by
1163,5775
1164,775n
1165,2ne4
1166,xxb3
1167,pwab
1168,f3an
1169,6bgp
1170,4a4b
1171,pw77
1172,eydd
1173,nn5g
1174,pc32
1175,epmm
1176,4emf
1177,37b3
1178,38d2
1179,xcfp
1180,eywm
1181,ngx8
1182,p4fe
1183,gg26
1184,36ya
1185,22d6
1186,p2wf
1187,ge57
1188,bn5d
1189,wafb
1190,ayb7
1191,cb8a
1192,pwfb
1193,c3f2
1194,cwnd
1195,737w
1196,bac8
1197,pbda
1198,yb2d
1199,yba4
1200,x6dw
1201,xwyn
1202,64yc
1203,nxa5
1204,ayae
1205,d8n5
1206,4nye
1207,n58n
1208,ba2w
1209,68wy
1210,3mxc
1211,edfe
1212,n5yc
1213,y3ge
1214,y4mn
1215,42nw
1216,f4wx
1217,27yw
1218,py25
1219,x8f5
1220,mbcg
1221,ey86
1222,3p2x
1223,ddwx
1224,8ebd
1225,ynb2
1226,d8f3
1227,g2my
1228,2n8d
1229,7fgp
1230,p6mc
1231,5wx7
1232,7xda
1233,wyb5
1234,ba6e
1235,de5n
1236,w66x
1237,n7cm
1238,7dcc
1239,b3cn
1240,px4w
1241,mw54
1242,5a46
1243,6mdd
1244,6x55
1245,f3f6
1246,c667
1247,c4yp
1248,wdep
1249,d5bx
1250,6efb
1251,wn4f
1252,2322
1253,gfcf
1254,57b4
1255,74p5
1256,48xe
1257,b84a
1258,a7ab
1259,epny
1260,xa4w
1261,6ncn
1262,cnyf
1263,w648
1264,bbpm
1265,a4me
1266,a6mb
1267,n4aw
1268,a76d
1269,ex4x
1270,a6yg
1271,2ppn
1272,8am2
1273,662w
1274,7xnx
1275,f7xf
1276,47m8
1277,f3aa
1278,8d6a
1279,52dm
1280,gbma
1281,5m6w
1282,f4x6
1283,n4g8
1284,cpy3
1285,pfan
1286,2bwy
1287,mm23
1288,a7bg
1289,87x2
1290,84pb
1291,fccx
1292,6cd8
1293,xc8f
1294,xyym
1295,527p
1296,yb55
1297,xd42
1298,25ag
1299,6bma
1300,wmyy
1301,ed53
1302,f5d7
1303,gb5d
1304,4w7y
1305,pd7f
1306,n5y5
1307,wa3c
1308,7wxw
1309,m7wx
1310,dfgn
1311,3b3m
1312,pfc3
1313,cc24
1314,nwpd
1315,d4f6
1316,535p
1317,pffx
1318,nap7
1319,7n6c
1320,ema3
1321,6x5a
1322,n83d
1323,dw4d
1324,367c
1325,23p4
1326,eg5d
1327,em67
1328,ddwb
1329,yef3
1330,4xgb
1331,c2ae
1332,amex
1333,63f3
1334,44w4
1335,4ae7
1336,eeef
1337,xmxp
1338,b55w
1339,232y
1340,d384
1341,ymyb
1342,cc4c
1343,n3c5
1344,byc3
1345,c675
1346,b873
1347,854p
1348,63n5
1349,bpw6
1350,3den
1351,28xn
1352,87md
1353,afef
1354,f2m5
1355,cabp
1356,wegn
1357,ecnm
1358,m2ww
1359,bxwm
1360,xmwe
1361,ynf6
1362,gbmx
1363,apmm
1364,g488
1365,fddn
1366,63wy
1367,x57b
1368,e72w
1369,na2w
1370,4gb7
1371,cmyg
1372,c28x
1373,m66b
1374,273y
1375,yxdy
1376,eypw
1377,e337
1378,6d8c
1379,nn7d
1380,4b55
1381,mmp3
1382,8c7n
1383,bepb
1384,mb36
1385,6dca
1386,7bm6
1387,em38
1388,x748
1389,gnpp
1390,n4bc
1391,bww8
1392,ma37
1393,8dda
1394,mbgd
1395,y4dc
1396,g72d
1397,f8n5
1398,gy3a
1399,ppfn
1400,ybp3
1401,bemx
1402,5mcd
1403,wn78
1404,w8a4
1405,8gy7
1406,f8ca
1407,g2g2
1408,fc54
1409,5nn6
1410,gnmf
1411,3p4w
1412,8y2e
1413,xax8
1414,37fe
1415,e6yd
1416,y45w
1417,466b
1418,m4fm
1419,ew4x
1420,fcww
1421,23n5
1422,bw8d
1423,c5dn
1424,xp52
1425,6cn8
1426,e3d7
1427,a6m3
1428,5x2m
1429,8dwx
1430,wb58
1431,b667
1432,ny8x
1433,fbc5
1434,c83f
1435,a46n
1436,y27b
1437,3ecp
1438,7c85
1439,f3dx
1440,28e7
1441,dbbc
1442,ywfd
1443,7b5w
1444,a88x
1445,6w3n
1446,my5n
1447,882b
1448,cg5f
1449,cmd2
1450,babb
1451,cyd4
1452,wf2f
1453,x78e
1454,y2w3
1455,5x3e
1456,y2ff
1457,w732
1458,44xc
1459,552g
1460,3aga
1461,x3c2
1462,acm6
1463,4346
1464,fnp2
1465,f72n
1466,5xbc
1467,53p8
1468,bc4w
1469,nb5w
1470,ccfn
1471,dn2g
1472,fdd4
1473,dxxg
1474,2d46
1475,364x
1476,baw2
1477,528c
1478,62e4
1479,8w2n
1480,faem
1481,cc4g
1482,7pme
1483,e66f
1484,5m7p
1485,afp3
1486,ef32
1487,mx4b
1488,7cm8
1489,58ba
1490,ppb8
1491,m8a5
1492,5x46
1493,f8yp
1494,waeb
1495,ngpp
1496,ef5m
1497,6y4n
1498,w2be
1499,gg2b
1500,pmbb
1501,ddmx
1502,g2yp
1503,wcc4
1504,f742
1505,6823
1506,gddp
1507,fn58
1508,5wna
1509,gb26
1510,n5x8
1511,e6f7
1512,n42n
1513,xbg3
1514,xe6b
1515,6nxn
1516,c862
1517,7cp3
1518,m8nd
1519,apbd
1520,5xnx
1521,355a
1522,epg3
1523,c783
1524,f82f
1525,dbne
1526,yxf4
1527,f2np
1528,p6nx
1529,ynee
1530,3e6n
1531,8f68
1532,bbed
1533,x8xm
1534,w2ad
1535,b2wd
1536,78af
1537,agy8
1538,47fc
1539,ma52
1540,wen6
1541,fy24
1542,n27f
1543,wag2
1544,a2da
1545,enw4
1546,bcbn
1547,854b
1548,6c5m
1549,pyb5
1550,44w2
1551,5433
1552,acfa
1553,58w2
1554,a5d3
1555,f3wa
1556,3nfc
1557,d55p
1558,cdbn
1559,8mc4
1560,nby3
1561,wb2c
1562,m85w
1563,6xyd
1564,dcnf
1565,n5x3
1566,acm3
1567,f38c
1568,fn2e
1569,xp3e
1570,fyg6
1571,7pxw
1572,8w2n
1573,676a
1574,da25
1575,yme2
1576,2fnb
1577,7c88
1578,7pne
1579,8wmb
1580,yam4
1581,53mx
1582,wp4m
1583,ge8c
1584,m84y
1585,p26f
1586,7bc8
1587,md24
1588,mf3d
1589,wapy
1590,7265
1591,b5ae
1592,me3p
1593,pgaf
1594,nnn7
1595,84mc
1596,p6wg
1597,wxc7
1598,b5ff
1599,nfge
1600,xeae
1601,wb6e
1602,y756
1603,2n2b
1604,cpm2
1605,b6cy
1606,c2db
1607,xm4f
1608,myxn
1609,6c63
1610,c8ff
1611,nyxa
1612,w8fb
1613,4mgx
1614,y55p
1615,85b7
1616,mpdb
1617,nm7d
1618,45nm
1619,55ae
1620,bpg5
1621,8ynp
1622,da2g
1623,nxb2
1624,23yc
1625,wda3
1626,cdng
1627,8fpx
1628,n8xc
1629,2d82
1630,33de
1631,48pw
1632,dnwb
1633,45g8
1634,8323
1635,dmpm
1636,yf37
1637,75xy
1638,f3p2
1639,np27
1640,g2ya
1641,8gx8
1642,483y
1643,befn
1644,5xea
1645,b86x
1646,wbbm
1647,xem4
1648,cxac
1649,bnb4
1650,58ca
1651,mng2
1652,3bb2
1653,26mn
1654,enam
1655,bwnc
1656,6bpc
1657,736p
1658,cmfw
1659,aaew
1660,bfny
1661,wg3a
1662,7ywf
1663,gxw5
1664,4x73
1665,5y77
1666,p3cx
1667,eana
1668,6e7a
1669,8gbe
1670,wf52
1671,nwag
1672,xm8f
1673,mxgw
1674,pyne
1675,4e6c
1676,68eb
1677,2n3c
1678,4375
1679,7fcf
1680,fe8x
1681,cdcd
1682,5ca4
1683,g88g
1684,xeb7
1685,5558
1686,ppmf
1687,axnp
1688,m2a7
1689,g4aw
1690,26c4
1691,w3fd
1692,6g7d
1693,n4d5
1694,bmwa
1695,5nfa
1696,6876
1697,y6yy
1698,dd2e
1699,pe44
1700,waf7
1701,dfmc
1702,aamy
1703,x5n7
1704,2x6w
1705,wae8
1706,f65m
1707,cdcg
1708,daen
1709,2gpx
1710,nncm
1711,gf42
1712,g5wp
1713,dywa
1714,g46d
1715,acgy
1716,c7nc
1717,642p
1718,xx53
1719,28m3
1720,4754
1721,d6cy
1722,6xp8
1723,yfay
1724,2283
1725,dw3c
1726,awam
1727,mx2b
1728,7c8b
1729,xdwp
1730,n54x
1731,p5be
1732,y2f7
1733,y582
1734,5gm7
1735,fwxn
1736,3x6n
1737,2xy3
1738,c3m4
1739,ppp2
1740,mdg4
1741,gyaw
1742,wafw
1743,3587
1744,b45w
1745,mbnf
1746,ew32
1747,ccww
1748,amgb
1749,a8m6
1750,cc7p
1751,d44a
1752,awyp
1753,5ya7
1754,wymy
1755,yp4c
1756,6afe
1757,ax4c
1758,dp53
1759,4nn2
1760,pb7a
1761,2cgn
1762,5p5c
1763,5bap
1764,bxm6
1765,bnfb
1766,gp5y
1767,ax3d
1768,82em
1769,bdpx
1770,mxy3
1771,68p4
1772,gc48
1773,fc8n
1774,7pba
1775,w74m
1776,4mf2
1777,x7a2
1778,x7ea
1779,86yn
1780,y3yx
1781,47xf
1782,dnmb
1783,72x2
1784,xfg8
1785,mf52
1786,6pnw
1787,3yym
1788,y5ga
1789,w332
1790,nw5g
1791,44a4
1792,m764
1793,7be5
1794,5ffy
1795,5f3f
1796,4a5d
1797,xmp7
1798,ca3d
1799,3w6n
1800,ne7p
1801,fpgf
1802,3g36
1803,2cw4
1804,7753
1805,6p56
1806,xy74
1807,75an
1808,exdc
1809,aag8
1810,be4m
1811,46c4
1812,xy56
1813,37xe
1814,5b7f
1815,w8dn
1816,ycgb
1817,575x
1818,w2ea
1819,nm3m
1820,fdxg
1821,7xd8
1822,xbmb
1823,2fay
1824,w66b
1825,x36m
1826,b68n
1827,ae7a
1828,p55p
1829,57gg
1830,43fp
1831,g2xc
1832,m4xf
1833,p4fe
1834,wwfa
1835,wg22
1836,455e
1837,m2a2
1838,n5cm
1839,x66g
1840,wg2c
1841,p42c
1842,4nf5
1843,bcpf
1844,dgym
1845,xndy
1846,ypy4
1847,yfdm
1848,x8pg
1849,daag
1850,6wyn
1851,maey
1852,3gn5
1853,bwap
1854,8mey
1855,3gep
1856,7aa8
1857,beam
1858,68ww
1859,cn5x
1860,ewfg
1861,4pgd
1862,yax6
1863,3gn2
1864,3xa3
1865,dpde
1866,g7x6
1867,wbde
1868,wd7a
1869,2fec
1870,2pn4
1871,ef87
1872,6y8y
1873,wp35
1874,y78n
1875,eaxy
1876,3g7y
1877,aa2p
1878,x8gy
1879,7dfw
1880,7mc3
1881,84mw
1882,nfy6
1883,eg4c
1884,eem3
1885,f4x4
1886,fw7m
1887,nxc3
1888,7epe
1889,xaen
1890,d8wd
1891,383d
1892,ec7n
1893,422b
1894,76nd
1895,nm4f
1896,xd6b
1897,8766
1898,2m2g
1899,77n8
1900,f453
1901,n852
1902,mfdm
1903,3xgc
1904,537y
1905,pgcd
1906,268c
1907,dwa2
1908,ymde
1909,c688
1910,mpn3
1911,cfpc
1912,3xcb
1913,nxep
1914,pp6n
1915,4ef6
1916,ew8b
1917,ap25
1918,2bp3
1919,d7ng
1920,c7n3
1921,a7a7
1922,wy25
1923,47p7
1924,ga6w
1925,233m
1926,xcbg
1927,6axd
1928,y3ca
1929,g5e5
1930,wyxy
1931,3xfd
1932,6w7n
1933,8n2b
1934,gmxc
1935,gyb5
1936,ybx5
1937,fg5m
1938,wnd7
1939,w3gb
1940,858a
1941,dnwg
1942,823b
1943,b3yw
1944,c6fw
1945,76yn
1946,257y
1947,783n
1948,mdn3
1949,6443
1950,y675
1951,4xw2
1952,6867
1953,e6m6
1954,ee5y
1955,xnwm
1956,258c
1957,f6gb
1958,wffe
1959,p862
1960,4cyn
1961,gpw5
1962,cmw4
1963,7x4p
1964,5mxm
1965,cm88
1966,6x76
1967,fd4w
1968,cd2f
1969,ngw3
1970,yx63
1971,355p
1972,fxd8
1973,e3w7
1974,b32w
1975,5gwp
1976,cypy
1977,f3mx
1978,bff3
1979,6a35
1980,85fw
1981,f787
1982,b4g2
1983,7ex6
1984,45ma
1985,gcy2
1986,427a
1987,fdp2
1988,wxcd
1989,44dd
1990,45gb
1991,587a
1992,6b68
1993,8gc5
1994,p3p8
1995,d8b6
1996,ym8y
1997,8aeg
1998,8xxx
1999,a7ya
2000,awww
2001,wxwm
2002,a3g3
2003,64ne
2004,4e7w
2005,aa2w
2006,f7f6
2007,p587
2008,3w8f
2009,ne3c
2010,c256
2011,xb8b
2012,7yaa
2013,85dg
2014,byp7
2015,46y8
2016,wge8
2017,6gx7
2018,34b7
2019,f366
2020,p2wb
2021,anf3
2022,2eyx
2023,724x
2024,6c5c
2025,d6yg
2026,f2ac
2027,2eg6
2028,mcnp
2029,a43g
2030,bcdp
2031,mm58
2032,gw2d
2033,ap2b
2034,7gcf
2035,8w2e
2036,aanb
2037,ccbw
2038,8fp5
2039,32y3
2040,7ncw
2041,pycb
2042,633y
2043,g6ne
2044,cwap
2045,5458
2046,2x2x
2047,b3x4
2048,4fny
2049,n3fy
2050,g8fc
2051,b85p
2052,a5d4
2053,4m8b
2054,be63
2055,y87y
2056,8x3y
2057,nnb2
2058,x52p
2059,6xm6
2060,pa46
2061,xf45
2062,5m2n
2063,aben
2064,3y36
2065,d8mx
2066,4pc8
2067,nc5e
2068,gcb2
2069,3yn3
2070,c22y
2071,cc7p
2072,d7c8
2073,8d2n
2074,xf56
2075,b46c
2076,mx5d
2077,8bcg
2078,wgby
2079,5nx6
2080,7fa6
2081,44e3
2082,emc7
2083,wxne
2084,cf2f
2085,fn5d
2086,a2wy
2087,7aan
2088,ex3y
2089,4688
2090,e3pa
2091,ya4w
2092,mpxn
2093,y8f7
2094,84x4
2095,8xgw
2096,ebdx
2097,4cwa
2098,cpg3
2099,nefx
2100,a883
2101,3c42
2102,28yd
2103,ypxy
2104,emgd
2105,4dey
2106,5f5d
2107,bbab
2108,n6fa
2109,d8p2
2110,5agf
2111,4cpf
2112,2pbn
2113,c7x8
2114,e4nb
2115,7c76
2116,cpxe
2117,bf53
2118,77wd
2119,wmeg
2120,f74x
2121,8b65
2122,7cy5
2123,axpn
2124,b873
2125,aym8
2126,53m7
2127,8pg3
2128,gbn4
2129,a43b
2130,wwcp
2131,d85e
2132,3m3y
2133,p6a7
2134,2e52
2135,8w5w
2136,ddxm
2137,6pe8
2138,p5yx
2139,828b
2140,cffg
2141,56nf
2142,w58n
2143,3mpb
2144,2pne
2145,6pex
2146,nwpm
2147,4n4y
2148,gd5n
2149,88p3
2150,8g5b
2151,p532
2152,de3a
2153,da52
2154,fmgw
2155,g36d
2156,26em
2157,7a2d
2158,7cfm
2159,ngga
2160,6wx5
2161,772w
2162,5mm5
2163,pw6g
2164,6my4
2165,b3cy
2166,acym
2167,yfx8
2168,ee82
2169,faa2
2170,6887
2171,fpgm
2172,5b44
2173,p3xy
2174,ne7p
2175,aam6
2176,mpxg
2177,d2a5
2178,mxdn
2179,ndnm
2180,5npw
2181,8wn8
2182,dfax
2183,5yax
2184,nfa7
2185,x8ya
2186,5cmx
2187,gc7m
2188,pf5b
2189,6ymx
2190,n3m7
2191,gf4n
2192,ecge
2193,nmpp
2194,bfwn
2195,cef8
2196,m367
2197,73nw
2198,dngx
2199,mnm7
2200,f7pf
2201,m3fe
2202,ypwm
2203,am2n
2204,gf34
2205,e7fy
2206,2fa4
2207,wyc5
2208,dy8y
2209,wcna
2210,bx2c
2211,ab7d
2212,8cbc
2213,6ep3
2214,56p5
2215,nax3
2216,43y3
2217,7x46
2218,e6ay
2219,g6nn
2220,cxe2
2221,7n7f
2222,awnc
2223,788w
2224,24w7
2225,843y
2226,fpyp
2227,g5g8
2228,5c2m
2229,c6ba
2230,ne8x
2231,n8mm
2232,5g5b
2233,3g3f
2234,8f6x
2235,caw7
2236,2wba
2237,gfyb
2238,b3a8
2239,emn7
2240,7a4m
2241,e38d
2242,747p
2243,nd5f
2244,67b8
2245,y7wx
2246,b78f
2247,32ma
2248,3358
2249,g2wp
2250,6mpc
2251,52f8
2252,57dp
2253,a88n
2254,x58g
2255,654p
2256,man3
2257,44cp
2258,x54c
2259,a2wp
2260,ba62
2261,7xe7
2262,mwx6
2263,pn84
2264,db5a
2265,2x8y
2266,7xf6
2267,cdy6
2268,egdc
2269,ax8a
2270,cmgx
2271,w5ae
2272,28by
2273,dpbe
2274,bxaw
2275,pf5c
2276,5anw
2277,d56c
2278,66ye
2279,dpbw
2280,ngdg
2281,cx36
2282,yy66
2283,44ew
2284,877m
2285,gn7x
2286,yp42
2287,8dfy
2288,47fm
2289,7gb2
2290,wdn2
2291,67cx
2292,8x6y
2293,gfbf
2294,5yye
2295,y4bf
2296,e84a
2297,m4en
2298,dxnx
2299,5xmb
2300,4a63
2301,8yac
2302,6w3d
2303,pmcf
2304,xgbn
2305,374f
2306,4gx5
2307,7f48
2308,a6dx
2309,x7eg
2310,db26
2311,mn3n
2312,82nw
2313,3mca
2314,ydap
2315,daf7
2316,ne2c
2317,mbw5
2318,x4be
2319,gb3a
2320,mmfe
2321,8gpg
2322,65cn
2323,mgxg
2324,mp2w
2325,wwwd
2326,m4ef
2327,xx8g
2328,we8a
2329,58fy
2330,e2na
2331,2d5n
2332,d827
2333,887n
2334,5y8n
2335,nxe7
2336,a34e
2337,wbdg
2338,4w53
2339,7wbd
2340,67c6
2341,4m5b
2342,w53m
2343,mfnf
2344,fmdm
2345,eymm
2346,ywag
2347,pxmg
2348,gdyd
2349,ggx5
2350,83w8
2351,fy36
2352,waba
2353,m8m4
2354,m3p4
2355,cca6
2356,2eye
2357,yc72
2358,2yxx
2359,peaa
2360,8gm7
2361,mg4e
2362,x6f3
2363,8g4p
2364,5365
2365,mmwp
2366,d4e7
2367,5gd7
2368,dg6c
2369,nmgp
2370,fpe4
2371,x8dx
2372,gamp
2373,xfyg
2374,6axn
2375,fgpf
2376,ccc5
2377,n2ga
2378,de6n
2379,pfda
2380,4cpa
2381,4a5e
2382,37f7
2383,6wd5
2384,gaee
2385,xbgd
2386,dbd3
2387,eab7
2388,a8d4
2389,cyfd
2390,nw55
2391,nmwe
2392,dday
2393,agfd
2394,684g
2395,cmfw
2396,mgx5
2397,6y62
2398,mfna
2399,dy57
2400,pxxb
2401,555b
2402,gx5g
2403,p5bf
2404,8bbf
2405,ey6a
2406,e788
2407,34px
2408,d322
2409,f3ed
2410,g75f
2411,c48a
2412,nyae
2413,xga6
2414,7xed
2415,2xea
2416,dw7g
2417,dwaa
2418,4fng
2419,xp23
2420,ef6x
2421,nn6p
2422,fyyc
2423,7g8b
2424,gbym
2425,ymbm
2426,pmfn
2427,c43c
2428,6b3p
2429,6yda
2430,ypem
2431,n7g3
2432,66ga
2433,ymdm
2434,57x6
2435,f2g7
2436,6bny
2437,76dg
2438,wn54
2439,bp25
2440,2edf
2441,44c7
2442,725m
2443,ana6
2444,3awe
2445,34bf
2446,2wbc
2447,4cd2
2448,agm5
2449,bx3y
2450,4mea
2451,d65f
2452,5ygc
2453,efa6
2454,bcdm
2455,5fnc
2456,8y87
2457,7m7n
2458,3nxp
2459,gfmd
2460,bea4
2461,8m6d
2462,3cxc
2463,xfgx
2464,3wxy
2465,xw6b
2466,a6gw
2467,yxd2
2468,c48g
2469,5eab
2470,5wfg
2471,ngpg
2472,m2fp
2473,bb8p
2474,ca7b
2475,mayg
2476,425x
2477,xwpe
2478,e2fx
2479,6y72
2480,xeb3
2481,ywpb
2482,gmb4
2483,5d2p
2484,mf52
2485,8e2m
2486,3xwa
2487,7pyb
2488,w37p
2489,annd
2490,mbea
2491,4w5n
2492,3pxe
2493,b4pf
2494,axn3
2495,b3cw
2496,445c
2497,g88x
2498,ym22
2499,ypgw
2500,a8cb
2501,p5px
2502,p725
2503,p5cb
2504,ba42
2505,7p38
2506,bgpe
2507,nypw
2508,dgp4
2509,2c22
2510,c73y
2511,5n5b
2512,dcmp
2513,dgwc
2514,ybg8
2515,5n6x
2516,g5f7
2517,54ep
2518,7ycy
2519,ngpf
2520,7fbb
2521,bac5
2522,gy5p
2523,mm4e
2524,exa6
2525,gmgf
2526,pyx5
2527,gfeb
2528,fdn3
2529,3nf6
2530,n2ew
2531,yn2f
2532,gm2m
2533,bxgn
2534,5dd2
2535,5mpa
2536,mwa2
2537,dbbe
2538,ynac
2539,d32p
2540,8c22
2541,7wnb
2542,gbnf
2543,fpdm
2544,557x
2545,nfne
2546,mpmc
2547,xbeb
2548,g2p2
2549,xaw2
2550,namx
2551,dgn2
2552,gb46
2553,ef5n
2554,84wy
2555,ypgn
2556,dw2e
2557,b6ng
2558,w4n7
2559,bwbg
2560,g6g8
2561,x7aw
2562,aned
2563,7mny
2564,apme
2565,a4cx
2566,m63w
2567,fn5b
2568,wm5m
2569,m3pm
2570,n8bf
2571,xef4
2572,wbe8
2573,8b48
2574,mamm
2575,82d4
2576,3g22
2577,gdxw
2578,5a3e
2579,ccwf
2580,8emg
2581,eddw
2582,7ew5
2583,7482
2584,gb74
2585,7e5p
2586,444n
2587,w2yc
2588,aya7
2589,8y6b
2590,cn22
2591,4xnw
2592,y5dx
2593,bwxd
2594,de3b
2595,8bm8
2596,wfcy
2597,6d6x
2598,7f37
2599,gb75
2600,yya4
2601,bcac
2602,fm32
2603,7xx8
2604,cd84
2605,223f
2606,ffg8
2607,bwbc
2608,g67e
2609,fxnm
2610,3pea
2611,2pdf
2612,p5xa
2613,23xx
2614,g85w
2615,3acm
2616,5gpf
2617,yy7n
2618,fef7
2619,e5yd
2620,cnxy
2621,xx67
2622,f8bx
2623,dx56
2624,wym6
2625,b83y
2626,yg54
2627,ac78
2628,fenp
2629,7n5y
2630,25bx
2631,24ne
2632,a8xa
2633,nnmw
2634,gpy4
2635,g3em
2636,bp7f
2637,wpw3
2638,f88y
2639,bdaw
2640,fgwc
2641,way7
2642,2ad7
2643,x752
2644,77wd
2645,xbwe
2646,dadf
2647,awcx
2648,5gbf
2649,2ffp
2650,5bxc
2651,7mc7
2652,ddcp
2653,7cbx
2654,yam3
2655,nyaw
2656,46bd
2657,a4my
2658,2wpx
2659,ywfn
2660,e22p
2661,bbyw
2662,6w4n
2663,83px
2664,eye8
2665,5x83
2666,my73
2667,7633
2668,y782
2669,wb2p
2670,7886
2671,mg45
2672,pp7g
2673,aaxe
2674,dd6w
2675,w3ax
2676,yn65
2677,db5w
2678,4538
2679,a6f7
2680,7w6e
2681,p3cy
2682,f2x2
2683,x845
2684,g73n
2685,dym5
2686,4xcd
2687,w7w6
2688,xfcc
2689,dgp2
2690,bda2
2691,mpgn
2692,nn4e
2693,8pg5
2694,n4by
2695,f734
2696,65xf
2697,d2gm
2698,b6ad
2699,fb28
2700,g38y
2701,amae
2702,gc7a
2703,6p2g
2704,dc45
2705,wfmw
2706,mfpd
2707,e7d4
2708,nb2f
2709,yae5
2710,6pd8
2711,a5d3
2712,egbb
2713,xb3f
2714,px25
2715,neg8
2716,8b47
2717,p4a2
2718,2a8p
2719,3y3e
2720,w38d
2721,efww
2722,ydx4
2723,57fx
2724,d4c4
2725,fg47
2726,x78d
2727,yx85
2728,ypyp
2729,cc4b
2730,6enf
2731,2535
2732,m7x6
2733,w372
2734,6ca3
2735,n5wy
2736,ann4
2737,8ba2
2738,6545
2739,5826
2740,y432
2741,ccpy
2742,e57m
2743,6dx3
2744,bfx5
2745,m2p5
2746,54e3
2747,7exf
2748,2m3a
2749,g83m
2750,8yge
2751,xbc6
2752,pb63
2753,x3m8
2754,8ab5
2755,ex8f
2756,6bde
2757,7adb
2758,wecd
2759,cf6n
2760,7f38
2761,g2b3
2762,gacy
2763,fcg3
2764,3xbp
2765,yc7y
2766,3dnn
2767,aw33
2768,d2p7
2769,g4ac
2770,7wmn
2771,5f28
2772,8ang
2773,be4a
2774,3bag
2775,4w68
2776,ybe3
2777,bxcb
2778,bpba
2779,2cmw
2780,c54m
2781,cbxx
2782,wwec
2783,dcwg
2784,nbyb
2785,amxa
2786,fcbe
2787,d4d8
2788,g57w
2789,mp8c
2790,mnb6
2791,2442
2792,8gm3
2793,5yeb
2794,7ab3
2795,48m7
2796,de6m
2797,3gpp
2798,5d8f
2799,dpe8
2800,fmc4
2801,we8f
2802,2dpn
2803,nece
2804,p68f
2805,6enn
2806,2yg6
2807,267f
2808,8xad
2809,33f6
2810,yy55
2811,a4ed
2812,eye3
2813,c43y
2814,cx7x
2815,8fxc
2816,85df
2817,bc4w
2818,wgb5
2819,bp32
2820,fwa6
2821,maec
2822,ne6m
2823,2ene
2824,xxd2
2825,d3dx
2826,x5b2
2827,2ype
2828,4ppw
2829,pc33
2830,x2m2
2831,ppwm
2832,66fy
2833,ay56
2834,c8f3
2835,pexy
2836,6cyc
2837,x7nf
2838,7w7a
2839,bmwm
2840,mww3
2841,2pb8
2842,wb5x
2843,gyxa
2844,pdya
2845,b2b2
2846,2583
2847,5yf6
2848,2nw3
2849,6dg5
2850,ecab
2851,n66g
2852,a45d
2853,ecg3
2854,g4aw
2855,g2pw
2856,gcaf
2857,478f
2858,2yc5
2859,x382
2860,6dp6
2861,mw2g
2862,353g
2863,n67a
2864,pgb8
2865,8nbb
2866,6xcn
2867,cb5w
2868,d58n
2869,7dmd
2870,dwc2
2871,35y7
2872,gf6d
2873,e5fa
2874,x7g8
2875,pndf
2876,g75c
2877,3ma4
2878,2xd7
2879,6mfc
2880,d4ab
2881,wg8b
2882,gepm
2883,6e3g
2884,ye6e
2885,43x6
2886,wffn
2887,xm72
2888,w636
2889,ppx7
2890,y45x
2891,feyn
2892,4n4w
2893,gwy8
2894,7m6g
2895,bnpb
2896,df2c
2897,4pxp
2898,8c8g
2899,38y8
2900,2ep5
2901,f5w6
2902,y6a8
2903,p6eb
2904,6cc3
2905,d2ap
2906,pg28
2907,xf7f
2908,y2pm
2909,7cpw
2910,2paa
2911,4fw2
2912,33wd
2913,mcf2
2914,8ydp
2915,mdad
2916,7gdg
2917,52ym
2918,f5md
2919,634w
2920,22f2
2921,25nc
2922,ex2c
2923,xxb3
2924,2ygp
2925,8fx8
2926,3xdg
2927,y2mc
2928,y3w7
2929,d7dp
2930,7mma
2931,2b7d
2932,3g34
2933,4nxe
2934,e62x
2935,cda7
2936,5dnd
2937,56ng
2938,4amm
2939,756w
2940,xy32
2941,xbww
2942,275c
2943,x8n5
2944,yd24
2945,nx5b
2946,2ngc
2947,7g83
2948,d8b7
2949,a64w
2950,a2f3
2951,pwdx
2952,8y83
2953,xwxf
2954,fn32
2955,fadw
2956,bf77
2957,p4w6
2958,ad2c
2959,acay
2960,a7py
2961,mxee
2962,4ycw
2963,4477
2964,g42w
2965,ew5n
2966,ee3g
2967,7bbb
2968,7wmc
2969,ay3n
2970,5ypd
2971,n3yd
2972,48dn
2973,axy2
2974,wmg2
2975,5b7n
2976,4x2m
2977,435d
2978,8mdb
2979,xxg5
2980,xx7g
2981,32dx
2982,c3y8
2983,bdyb
2984,dfgf
2985,ag3c
2986,2263
2987,yp86
2988,28yy
2989,2w84
2990,geey
2991,3efp
2992,b64a
2993,bmfb
2994,gwxm
2995,x62y
2996,af37
2997,n7m3
2998,dcx7
2999,nwgg
3000,fyn4
3001,n8fp
3002,4f76
3003,5dm4
3004,3ae3
3005,abgd
3006,ecw8
3007,byep
3008,ny52
3009,65m8
3010,5xpd
3011,cbd8
3012,36x6
3013,pwbg
3014,p28f
3015,en26
3016,xpan
3017,nnw3
3018,2x2p
3019,wmad
3020,2435
3021,xb8d
3022,4x7a
3023,4bcg
3024,xdxm
3025,px7d
3026,bf8m
3027,ynff
3028,884m
3029,x7xp
3030,x26b
3031,243w
3032,wdep
3033,m82m
3034,p7cb
3035,2m7a
3036,4amp
3037,afcn
3038,g5cy
3039,m3mp
3040,3exy
3041,c6da
3042,ed82
3043,78f8
3044,y3wb
3045,6pcm
3046,4nac
3047,xxep
3048,2x5d
3049,a2d7
3050,agm3
3051,34yn
3052,a2y6
3053,m86x
3054,6ee8
3055,7d2e
3056,dbne
3057,7b5e
3058,384y
3059,82ng
3060,b484
3061,4f3e
3062,7f58
3063,85px
3064,7wxf
3065,g5b6
3066,7xyd
3067,6828
3068,5gpx
3069,4bna
3070,nmd2
3071,xf72
3072,a8eg
3073,8344
3074,d76p
3075,5852
3076,e577
3077,yg65
3078,5nb5
3079,w3mf
3080,7f58
3081,3w6x
3082,ya2w
3083,ngnn
3084,f3ef
3085,f366
3086,mx6a
3087,ncf5
3088,c4e4
3089,bmad
3090,dnmd
3091,88xg
3092,y7yb
3093,xgb2
3094,2347
3095,a3b8
3096,p25p
3097,8ec3
3098,5pay
3099,dyma
3100,5fxp
3101,gf48
3102,2dy8
3103,642g
3104,y77e
3105,mxe6
3106,ycb7
3107,d8pb
3108,wpcm
3109,54df
3110,7eg3
3111,7adf
3112,yg2d
3113,7gxy
3114,3eg3
3115,c8fe
3116,g66e
3117,8f56
3118,mb45
3119,8c26
3120,a44n
3121,4aac
3122,mgm6
3123,w53p
3124,425a
3125,3bd8
3126,28pe
3127,adf3
3128,b5md
3129,yabe
3130,865f
3131,xc85
3132,ypa8
3133,dcng
3134,gnn8
3135,8bxd
3136,g88p
3137,xam7
3138,y2af
3139,673n
3140,7w77
3141,278y
3142,4ymf
3143,fmc6
3144,ew8n
3145,7x43
3146,a46d
3147,eg6c
3148,p556
3149,agwd
3150,8m2p
3151,yxa8
3152,4pm2
3153,xwee
3154,5p7a
3155,3max
3156,mgn6
3157,enda
3158,m5xg
3159,bfwb
3160,2amf
3161,4wwb
3162,2b5m
3163,4cbe
3164,56ey
3165,bd83
3166,dap8
3167,gba8
3168,gfdm
3169,w5cp
3170,8b2x
3171,cxw2
3172,dapp
3173,c277
3174,37ed
3175,f5ny
3176,xdb4
3177,8ygc
3178,457x
3179,agac
3180,dyba
3181,6wep
3182,884x
3183,en3g
3184,4ad4
3185,a25a
3186,mb38
3187,x387
3188,3np4
3189,nxxg
3190,pggn
3191,cnn7
3192,a457
3193,e4y5
3194,f6g2
3195,a55w
3196,b4ec
3197,w3pa
3198,n7m5
3199,xybd
3200,7x3x
3201,xga8
3202,52fy
3203,343d
3204,wd8x
3205,gcn3
3206,5w25
3207,gp62
3208,4ewy
3209,cw2c
3210,5d72
3211,b3f2
3212,gg2p
3213,7p68
3214,2pfp
3215,a42d
3216,m6w7
3217,63e7
3218,46xb
3219,w34a
3220,nywd
3221,2xyd
3222,2bn8
3223,nwpg
3224,gmcm
3225,fwa5
3226,74b8
3227,7mgm
3228,b85b
3229,2pn5
3230,27e3
3231,6784
3232,wcff
3233,3ggw
3234,xyda
3235,72mb
3236,d5ef
3237,f3g6
3238,bfbw
3239,4exa
3240,2242
3241,fbba
3242,b8fg
3243,6e63
3244,4yca
3245,4e76
3246,mmf3
3247,cgmc
3248,gx8x
3249,dfyp
3250,7nx3
3251,bnpf
3252,n6x2
3253,myy8
3254,pgxy
3255,p748
3256,w6md
3257,g56g
3258,p7x2
3259,x4d5
3260,wnwa
3261,cg5d
3262,dyyn
3263,7c8y
3264,p6mf
3265,8gx2
3266,mgcn
3267,3fnf
3268,3w32
3269,53eb
3270,pggw
3271,8235
3272,6wyx
3273,faxa
3274,bd27
3275,dx5n
3276,3d6w
3277,na65
3278,4pp4
3279,c36y
3280,4d4c
3281,pycy
3282,6e8m
3283,mayp
3284,e4aa
3285,nd32
3286,34pf
3287,b75x
3288,328a
3289,gbyy
3290,b8gm
3291,b652
3292,wd6m
3293,mf7g
3294,dagy
3295,24na
3296,ca22
3297,ef37
3298,e4nf
3299,p8bp
3300,8an7
3301,5mcp
3302,f5y7
3303,efd8
3304,becc
3305,w623
3306,2c43
3307,a8bc
3308,86b7
3309,gnen
3310,gxg5
3311,8a75
3312,c8af
3313,3ewf
3314,wfw2
3315,m4fg
3316,f3xd
3317,5dyx
3318,ewd3
3319,c3dp
3320,ex2f
3321,664g
3322,2525
3323,6cae
3324,fxmd
3325,mxgp
3326,44fe
3327,y7en
3328,452e
3329,765y
3330,453d
3331,8a38
3332,ma78
3333,w2xm
3334,7ew2
3335,dbfd
3336,nfn2
3337,wb5b
3338,nwda
3339,6273
3340,dx4f
3341,52af
3342,3x53
3343,6dye
3344,d87f
3345,f52e
3346,bwff
3347,ba5g
3348,wm76
3349,62dp
3350,8xgg
3351,8wd2
3352,gxnb
3353,bn85
3354,cpap
3355,cyew
3356,6ewc
3357,awxp
3358,fncg
3359,8eyb
3360,x7ww
3361,xp4c
3362,6m2b
3363,3dpy
3364,nfeg
3365,pan4
3366,w78x
3367,neeb
3368,cbxa
3369,687a
3370,n88w
3371,74mg
3372,enen
3373,5an6
3374,aneb
3375,m3p8
3376,a2g7
3377,8aaf
3378,56mf
3379,bbbx
3380,3xpf
3381,nngc
3382,4f4w
3383,nagd
3384,y372
3385,46bf
3386,y2gw
3387,3xww
3388,newd
3389,7ydy
3390,bdax
3391,pbay
3392,pbnd
3393,bf5a
3394,e285
3395,gna2
3396,nfa3
3397,x55x
3398,pwgb
3399,7b8m
3400,mynb
3401,fmgd
3402,42n2
3403,cgcf
3404,p5b7
3405,xa8d
3406,cypx
3407,ed5f
3408,44fy
3409,6gmy
3410,x8pe
3411,yc33
3412,cw67
3413,gyga
3414,gewg
3415,2af4
3416,fm5f
3417,awym
3418,6wxe
3419,mnbm
3420,px83
3421,nyd3
3422,p4wb
3423,xn7d
3424,m6af
3425,eawe
3426,m4pb
3427,66gm
3428,xppg
3429,gdae
3430,p7bg
3431,mbec
3432,2d46
3433,ccdc
3434,4npd
3435,exwd
3436,4d2p
3437,5b8w
3438,p53b
3439,47m7
3440,mp25
3441,fyf8
3442,dce6
3443,d5y6
3444,bmad
3445,p4ma
3446,pca3
3447,cn88
3448,g8bm
3449,7b7b
3450,yxwx
3451,gann
3452,6827
3453,273e
3454,3d26
3455,cpw4
3456,dx7c
3457,xcd6
3458,77cd
3459,cae2
3460,wn4b
3461,dp32
3462,ae5p
3463,f33f
3464,d487
3465,245n
3466,4m8g
3467,57m6
3468,6eee
3469,4a4m
3470,pbg4
3471,3ncw
3472,g24g
3473,dxaa
3474,c6n2
3475,d7fw
3476,cfnx
3477,4f88
3478,2dxw
3479,fm82
3480,g2w7
3481,bwgf
3482,8pn4
3483,e3x7
3484,2m5d
3485,7dc7
3486,gawp
3487,aya2
3488,ep87
3489,4y4y
3490,n3fw
3491,bn5w
3492,awww
3493,fa6a
3494,eb53
3495,byee
3496,p3mg
3497,yxc7
3498,gxf4
3499,d7xd
3500,8ew7
3501,3n6p
3502,yaae
3503,bdb7
3504,2a7m
3505,2pd5
3506,3mxf
3507,ncdn
3508,xe3y
3509,b82m
3510,fcx7
3511,dbnx
3512,g423
3513,nnd2
3514,3nc4
3515,6bpn
3516,f348
3517,ncx5
3518,ceax
3519,ya8w
3520,y4d2
3521,265n
3522,g3fp
3523,a73b
3524,3afe
3525,x3nx
3526,baew
3527,255a
3528,3pge
3529,dy87
3530,fncg
3531,5cd2
3532,b7g2
3533,nda7
3534,25bx
3535,428w
3536,d3ax
3537,b7cd
3538,be7d
3539,pxdd
3540,wf84
3541,wbnw
3542,xym5
3543,gmp3
3544,ng24
3545,b5mf
3546,gm48
3547,755a
3548,3cx8
3549,e7yw
3550,n5a2
3551,bymg
3552,8gdm
3553,5d7e
3554,dcdb
3555,a465
3556,ndem
3557,d3a3
3558,ynmn
3559,y67x
3560,xdeg
3561,bbgp
3562,3yc6
3563,34wn
3564,c575
3565,nddg
3566,77pa
3567,ycnp
3568,454g
3569,yw65
3570,26gp
3571,b7ww
3572,3nad
3573,37bx
3574,8wmf
3575,2g32
3576,e8my
3577,n766
3578,22xw
3579,4fna
3580,y7da
3581,bpxp
3582,fmdw
3583,cfx6
3584,apx5
3585,wg4w
3586,bwxy
3587,xxp4
3588,c22n
3589,xwbc
3590,xdae
3591,x428
3592,gwg5
3593,afcb
3594,b3em
3595,f33b
3596,a5dp
3597,nb3m
3598,cgc7
3599,pcg7
3600,8g66
3601,543w
3602,5b7d
3603,x5xx
3604,enx6
3605,8cdn
3606,27y5
3607,63nw
3608,65bb
3609,5xbg
3610,dfy2
3611,xm6c
3612,bab2
3613,7gxa
3614,epa6
3615,ebwp
3616,xb3b
3617,wxnm
3618,p5ca
3619,ndbd
3620,m2bp
3621,8f8m
3622,m48n
3623,6b7a
3624,7fwg
3625,44nm
3626,m7pg
3627,5dce
3628,2fwc
3629,c2gd
3630,ypnb
3631,by76
3632,abx3
3633,gedy
3634,d7e2
3635,xnwe
3636,ywew
3637,exp6
3638,7cmx
3639,gfaf
3640,m25b
3641,57f8
3642,bwgw
3643,gyww
3644,gm88
3645,d82n
3646,4d5d
3647,n7p4
3648,a73x
3649,fxfa
3650,c5bx
3651,273f
3652,dgc8
3653,4m83
3654,fbaa
3655,nmw2
3656,dcna
3657,78ea
3658,6efb
3659,cnyx
3660,cwae
3661,e5fa
3662,ymdf
3663,baaf
3664,wg4m
3665,fx7e
3666,e82b
3667,bgd5
3668,e6me
3669,6cp6
3670,7an5
3671,2mb8
3672,26wn
3673,2w2f
3674,wxbd
3675,x25c
3676,2bd6
3677,bwa3
3678,ewwm
3679,geae
3680,5xg8
3681,4e85
3682,7gc4
3683,2pwy
3684,gxyb
3685,8fef
3686,2pnb
3687,yebw
3688,6cn4
3689,38bf
3690,cgm7
3691,4dew
3692,edb4
3693,3wmx
3694,ndwg
3695,7xp2
3696,p7df
3697,863m
3698,bc44
3699,8m4x
3700,a2ba
3701,n34p
3702,6fe4
3703,a27b
3704,n346
3705,m3nf
3706,em33
3707,f6py
3708,ccp5
3709,y3x5
3710,x8xy
3711,fcgd
3712,4xf3
3713,wdyy
3714,wb32
3715,3axw
3716,xc8e
3717,aaxb
3718,mmxd
3719,nedd
3720,m62y
3721,y6ex
3722,c6gp
3723,7cg3
3724,n4ey
3725,f2yp
3726,fnmn
3727,2746
3728,a82g
3729,xfww
3730,f886
3731,62mw
3732,372e
3733,4ymw
3734,2546
3735,axd5
3736,5782
3737,ng8a
3738,ep32
3739,xbbc
3740,4fc7
3741,4acp
3742,6fdb
3743,x8gm
3744,6df8
3745,ag22
3746,7nf4
3747,5w85
3748,3eda
3749,b6f8
3750,76gb
3751,6732
3752,768n
3753,bd6w
3754,a6gm
3755,ww2f
3756,yff5
3757,3674
3758,eebf
3759,a3f6
3760,fffa
3761,3mby
3762,df5m
3763,7ap3
3764,wdce
3765,me4n
3766,a2y3
3767,x78y
3768,yweg
3769,f42w
3770,fa86
3771,f2m5
3772,e53n
3773,yx8b
3774,enxm
3775,2x3w
3776,dc4x
3777,ya5w
3778,6f3e
3779,fmc6
3780,m8yn
3781,c5mn
3782,x4g4
3783,yydw
3784,n4dw
3785,dpw5
3786,nb2c
3787,apw5
3788,gm6b
3789,85w7
3790,m334
3791,4cnp
3792,2wgx
3793,y7pp
3794,87dm
3795,cx44
3796,pef2
3797,5npx
3798,wd25
3799,x4p4
3800,ea6p
3801,n8dd
3802,34ee
3803,2yd7
3804,xmc3
3805,3a4m
3806,nwgf
3807,fme7
3808,g3b7
3809,4g35
3810,f28f
3811,6ed8
3812,ef64
3813,7e2e
3814,8m62
3815,wddg
3816,dd3b
3817,f7n5
3818,a6yf
3819,a5nb
3820,ebxa
3821,p8a4
3822,axg5
3823,d2mm
3824,54p8
3825,gbag
3826,amgm
3827,n5d5
3828,m3g8
3829,g4ec
3830,bme5
3831,ny2a
3832,fp5n
3833,g55x
3834,b6xb
3835,m87w
3836,fw67
3837,xpg6
3838,62n8
3839,4ccp
3840,ngg6
3841,nmcm
3842,eb5g
3843,5gxg
3844,xnf2
3845,e53m
3846,fn2n
3847,fd76
3848,c58b
3849,a225
3850,22p2
3851,xcbx
3852,6c88
3853,an3w
3854,bx3b
3855,my4a
3856,x3c8
3857,2ef3
3858,dg2x
3859,c85x
3860,2d36
3861,xax5
3862,47ny
3863,a48g
3864,32cd
3865,n6ny
3866,67pn
3867,wcaf
3868,4gyy
3869,g453
3870,368f
3871,8w4g
3872,4ypg
3873,3wpe
3874,nnyd
3875,7abw
3876,dw3a
3877,cwnb
3878,22cb
3879,85p7
3880,wdcc
3881,n3wn
3882,g3m7
3883,nc6p
3884,2ncy
3885,fefx
3886,dbcm
3887,86xm
3888,8fgy
3889,p3cx
3890,7e34
3891,bxxm
3892,6m6y
3893,b846
3894,padf
3895,7g43
3896,ncye
3897,p5xg
3898,2cfb
3899,paaf
3900,5fn4
3901,3ee8
3902,33ye
3903,g5pb
3904,82ng
3905,cx32
3906,7ef3
3907,d676
3908,75x8
3909,2pmx
3910,mfnp
3911,gnce
3912,28xw
3913,8e8x
3914,3cdd
3915,yagw
3916,pnfn
3917,p4f6
3918,fwm8
3919,gp78
3920,ea6p
3921,dadg
3922,7y2p
3923,d5b5
3924,fwc3
3925,n466
3926,3fbf
3927,xxda
3928,fyfx
3929,bp7c
3930,7ewd
3931,md68
3932,xmm7
3933,b8p8
3934,angm
3935,68d7
3936,g8fw
3937,p4pc
3938,bg5g
3939,da56
3940,67xc
3941,wcaw
3942,dd65
3943,b2fc
3944,ea3c
3945,e4ew
3946,edmc
3947,c6np
3948,c5pm
3949,yccf
3950,7dxp
3951,xb5n
3952,dgnx
3953,a562
3954,474d
3955,fg4c
3956,p8ed
3957,g7n5
3958,cwwg
3959,c3d7
3960,byw8
3961,54f3
3962,4fy7
3963,wg8w
3964,ad45
3965,w8g2
3966,xw4p
3967,ax23
3968,cex7
3969,yepf
3970,2fyd
3971,gfep
3972,4bn3
3973,6naa
3974,bgwx
3975,3gyg
3976,p8y4
3977,pe6p
3978,74cx
3979,w2ex
3980,8nye
3981,nnen
3982,nb2w
3983,c7xx
3984,dy48
3985,672d
3986,ceey
3987,3nma
3988,8g2n
3989,e5nd
3990,ex8y
3991,cpwf
3992,3fby
3993,xyfa
3994,5nw5
3995,5xf5
3996,a8w6
3997,bgww
3998,4356
3999,w565
4000,pye8
4001,y7ba
4002,adn5
4003,4yem
4004,6ycn
4005,ww64
4006,83ae
4007,aa3c
4008,5aee
4009,8xea
4010,pec7
4011,abfd
4012,bgyw
4013,573y
4014,pcpy
4015,8mg2
4016,3gce
4017,6fc4
4018,cfym
4019,fgnm
4020,36pa
4021,d3xw
4022,wwf4
4023,7exw
4024,3537
4025,6ne8
4026,maw3
4027,822n
4028,ey8a
4029,fg8d
4030,xy63
4031,55g7
4032,mf8n
4033,8m8p
4034,dype
4035,6g6b
4036,7fe8
4037,ygmx
4038,536e
4039,gwf4
4040,7824
4041,gy7n
4042,mm8x
4043,nmmy
4044,wapg
4045,p568
4046,cang
4047,yn76
4048,e3yn
4049,eff3
4050,pnxd
4051,a8gd
4052,7m5f
4053,86df
4054,b5yf
4055,8368
4056,3aca
4057,yxcm
4058,ymep
4059,fwme
4060,wn4c
4061,e6xg
4062,435a
4063,nen6
4064,bx3m
4065,mxax
4066,45ma
4067,ymad
4068,44de
4069,cb7p
4070,d5fm
4071,3by2
4072,ybnx
4073,677f
4074,pwn7
4075,46dg
4076,dxc8
4077,d5c8
4078,2cx5
4079,653c
4080,4ep2
4081,2a5y
4082,y28p
4083,p8em
4084,mcb2
4085,76w3
4086,wp2m
4087,xxgg
4088,28xp
4089,y8wn
4090,ywba
4091,g2g5
4092,n45c
4093,pffw
4094,f2nx
4095,x2dc
4096,wep6
4097,58y5
4098,ypme
4099,cawa
4100,y6cc
4101,fcee
4102,n3dg
4103,eeme
4104,c4pm
4105,5fw3
4106,6333
4107,85w8
4108,edp2
4109,b4fn
4110,edmm
4111,mbpx
4112,pf52
4113,a7w8
4114,526w
4115,67ee
4116,wp5n
4117,yc3d
4118,bxb2
4119,6aem
4120,2xy8
4121,3pm2
4122,d8fn
4123,6nx6
4124,nb38
4125,22dw
4126,5787
4127,c5f6
4128,6wnd
4129,5ynp
4130,xa6a
4131,c8w4
4132,4fdd
4133,m5gf
4134,83bm
4135,3gam
4136,338n
4137,3dgn
4138,73nc
4139,xwxx
4140,fyyc
4141,dcxf
4142,wffp
4143,xnng
4144,f8fy
4145,pf26
4146,f5ae
4147,wwd3
4148,w2dd
4149,wdpb
4150,pae2
4151,w7gn
4152,w6bb
4153,7myd
4154,e26x
4155,am2f
4156,amxb
4157,xcny
4158,6dmc
4159,nxpw
4160,7aaw
4161,57yw
4162,dae2
4163,b3y4
4164,2acp
4165,x2d4
4166,yb3b
4167,34a4
4168,my8b
4169,85p8
4170,pbgb
4171,m23e
4172,xax6
4173,x7e7
4174,yfng
4175,bpg2
4176,p48y
4177,3ad8
4178,d3ny
4179,874f
4180,dxcx
4181,e5yd
4182,ad3g
4183,ge6e
4184,wncm
4185,egcy
4186,cx22
4187,ydcp
4188,e73p
4189,c7g8
4190,ww2w
4191,2y2c
4192,cf2x
4193,pggc
4194,pmc8
4195,m3nw
4196,3xfb
4197,pxaa
4198,bcxf
4199,6p5a
4200,cm6y
4201,27y2
4202,dme4
4203,37p6
4204,bfwa
4205,d24w
4206,cnxw
4207,bap6
4208,3da6
4209,f86a
4210,w55f
4211,42xx
4212,5fce
4213,yf26
4214,xebc
4215,bg45
4216,wx6b
4217,ccmy
4218,f52n
4219,f7c3
4220,gcbx
4221,c8dy
4222,b5pn
4223,dn2d
4224,3w6n
4225,degx
4226,cc7y
4227,2wc7
4228,may7
4229,we8f
4230,22e7
4231,73e8
4232,a68b
4233,ng5e
4234,w68p
4235,exmn
4236,3amw
4237,f2we
4238,nydm
4239,3862
4240,me5a
4241,dg4n
4242,4cy8
4243,2gp2
4244,p5b5
4245,2wwp
4246,p6dd
4247,gfem
4248,4yw8
4249,xncp
4250,774n
4251,nnag
4252,m855
4253,cndd
4254,gbnm
4255,wpg8
4256,g785
4257,7ffn
4258,p643
4259,523x
4260,gecm
4261,cn3g
4262,c4ad
4263,cm7b
4264,2686
4265,6dn2
4266,w4xf
4267,8e26
4268,74nd
4269,wb6x
4270,x8ad
4271,88m2
4272,y7mp
4273,gme6
4274,67an
4275,ad48
4276,mp3a
4277,pffm
4278,n3ed
4279,22ny
4280,d2c3
4281,axef
4282,mn7m
4283,ed3m
4284,8ff6
4285,d5pc
4286,a8aa
4287,8ffe
4288,cd7d
4289,cgfy
4290,nac6
4291,c3e2
4292,eyaw
4293,2p33
4294,867w
4295,3m6x
4296,xdap
4297,fx3y
4298,b36p
4299,744x
4300,m47c
4301,7xdw
4302,x3c3
4303,f2b3
4304,6mgg
4305,3c6c
4306,3mya
4307,y6dy
4308,55db
4309,8fxx
4310,362a
4311,fece
4312,mdc6
4313,34fe
4314,nc86
4315,8ym3
4316,54yn
4317,m4w3
4318,5nxd
4319,af74
4320,4pdx
4321,acbx
4322,2e57
4323,cy4g
4324,y4g5
4325,y3ab
4326,pne6
4327,expd
4328,a55n
4329,53py
4330,e42x
4331,cm7m
4332,3743
4333,4bp5
4334,22fa
4335,bf22
4336,m633
4337,fbdn
4338,5dgy
4339,enx8
4340,bf7y
4341,36gy
4342,a883
4343,my5x
4344,5pg3
4345,g8w2
4346,wgcg
4347,ybp4
4348,cm2a
4349,xyeg
4350,dfa7
4351,ap2n
4352,xf66
4353,ybb8
4354,dxbp
4355,fw48
4356,b738
4357,524p
4358,e8xw
4359,dmym
4360,mpb8
4361,acmm
4362,ne3x
4363,27an
4364,y6fd
4365,x525
4366,pa44
4367,nyp3
4368,2y57
4369,65mb
4370,py55
4371,p23a
4372,y3c2
4373,acf4
4374,84mw
4375,x2gn
4376,adb5
4377,we38
4378,42eb
4379,fm28
4380,3w4g
4381,mfm7
4382,g7g8
4383,8m84
4384,bxf4
4385,37b6
4386,xcxp
4387,75n4
4388,gnn4
4389,4npe
4390,82pe
4391,gpp5
4392,byda
4393,y6gw
4394,bg4d
4395,8gx8
4396,gw38
4397,4n8c
4398,paxp
4399,2f8b
4400,6aab
4401,y6x3
4402,pm65
4403,byem
4404,d42p
4405,626w
4406,pp48
4407,cyfy
4408,f7gm
4409,p6yy
4410,3d78
4411,e35n
4412,bwap
4413,cwxw
4414,5242
4415,f88y
4416,aaxn
4417,cm6e
4418,7fy4
4419,dm8w
4420,d776
4421,fnac
4422,cax3
4423,xc78
4424,e262
4425,4wgn
4426,mf5n
4427,ydd7
4428,86ww
4429,x36p
4430,2dwn
4431,wp57
4432,dc8a
4433,2m37
4434,cy85
4435,pfmd
4436,2yme
4437,m6g6
4438,2dea
4439,3enm
4440,e2c7
4441,5bd8
4442,c7c5
4443,5c26
4444,64em
4445,e73e
4446,ydx7
4447,n77e
4448,5bxg
4449,7wyf
4450,ema8
4451,d8yx
4452,dxmb
4453,dydy
4454,df36
4455,386m
4456,b3wa
4457,gafx
4458,3p8b
4459,f34g
4460,nn8d
4461,xnfa
4462,waby
4463,pgmw
4464,a36w
4465,6nwy
4466,f8aw
4467,5y8n
4468,mnxb
4469,x36m
4470,8dp8
4471,w6n5
4472,mx23
4473,8d4f
4474,e2wn
4475,7xgn
4476,gb5x
4477,67m6
4478,bxbw
4479,ngdp
4480,gx87
4481,2nab
4482,e5yx
4483,g62n
4484,34wm
4485,g6x5
4486,5748
4487,fgya
4488,gfcg
4489,2mcb
4490,pbmf
4491,5ga2
4492,y34y
4493,8acx
4494,bxy2
4495,pmc3
4496,f3nx
4497,2x38
4498,p3ec
4499,7bfy
4500,3fay
4501,d674
4502,3cn5
4503,75bn
4504,e4x4
4505,8e2a
4506,x8mn
4507,maxf
4508,fwfm
4509,e7g7
4510,846f
4511,4dm6
4512,6ycg
4513,pg6d
4514,ga73
4515,8mce
4516,e4yy
4517,gcny
4518,47xc
4519,cpbg
4520,e763
4521,gg4m
4522,6yx5
4523,ymp8
4524,2af7
4525,m5ea
4526,4gdn
4527,c7ye
4528,6ype
4529,pm32
4530,d3mn
4531,b2dw
4532,m2x2
4533,3ddg
4534,mnbx
4535,723w
4536,7eag
4537,y6by
4538,y2a4
4539,5ep5
4540,58bm
4541,3nwm
4542,567a
4543,ged5
4544,m2x7
4545,amcp
4546,b6np
4547,wwea
4548,bw3y
4549,74mf
4550,xna5
4551,yppn
4552,8n7y
4553,38de
4554,agyy
4555,fbcg
4556,cfed
4557,w4nx
4558,wcan
4559,cdpp
4560,yamp
4561,6x8p
4562,nay8
4563,4nyp
4564,5px7
4565,fy57
4566,2c36
4567,8n4a
4568,3epc
4569,28wb
4570,pg88
4571,4awc
4572,gnad
4573,8c2x
4574,mep5
4575,nged
4576,wbpe
4577,nb2f
4578,376f
4579,me2f
4580,4em7
4581,mxep
4582,b7b6
4583,px3e
4584,yxc6
4585,4nax
4586,g3fn
4587,4cn4
4588,aagc
4589,wgnm
4590,ane7
4591,baf6
4592,yg6b
4593,b7xw
4594,4y3c
4595,p6c8
4596,m82g
4597,84p2
4598,mf3d
4599,aanp
4600,ny8c
4601,enp8
4602,35n7
4603,nx72
4604,4b28
4605,p2ww
4606,6paa
4607,dycy
4608,a576
4609,am6f
4610,ywbm
4611,57pp
4612,p7c2
4613,ewpb
4614,5654
4615,46yc
4616,2w2e
4617,dc5f
4618,y25n
4619,53f4
4620,577a
4621,n328
4622,f34y
4623,5bbc
4624,bx6m
4625,4gpa
4626,fe8g
4627,wbn4
4628,fgad
4629,bepn
4630,gexp
4631,f64a
4632,bmpa
4633,p5b2
4634,6g54
4635,nwdc
4636,pf47
4637,wnx6
4638,3c3e
4639,7e5y
4640,n743
4641,24p2
4642,xwa6
4643,53bm
4644,7f4a
4645,42d5
4646,4b4d
4647,4a82
4648,3ac8
4649,7fw5
4650,n27c
4651,y5nc
4652,my5p
4653,dce2
4654,pc38
4655,epy6
4656,6xf6
4657,f5xb
4658,7e8m
4659,f7cx
4660,8gg5
4661,3n74
4662,pbe2
4663,bdeb
4664,e4g3
4665,pxe2
4666,7egf
4667,n44b
4668,any2
4669,456a
4670,m44m
4671,ypgw
4672,3226
4673,5wfd
4674,mp3x
4675,ewa3
4676,aa6a
4677,ap3a
4678,2254
4679,mx3x
4680,pcd3
4681,4w8g
4682,pe5n
4683,2c7n
4684,nenp
4685,cpme
4686,edp8
4687,gfcp
4688,8dw8
4689,pf5x
4690,p72n
4691,apen
4692,gcnn
4693,xw28
4694,w2mx
4695,8d4p
4696,xw8f
4697,6en5
4698,6df8
4699,567c
4700,6cwe
4701,p626
4702,2pny
4703,g8f4
4704,gw2y
4705,5fp3
4706,3cb6
4707,f74c
4708,6efw
4709,fx8w
4710,7mfx
4711,yx6p
4712,274f
4713,fxpp
4714,2wwm
4715,p288
4716,wa5g
4717,y8cx
4718,a5a2
4719,w5yx
4720,bw24
4721,wacx
4722,c5yd
4723,828f
4724,845c
4725,m3ff
4726,a2a4
4727,fp4g
4728,wd7e
4729,xa4n
4730,gfdb
4731,dd6p
4732,w6ff
4733,w535
4734,awy3
4735,gcb7
4736,axx6
4737,6npd
4738,mmp4
4739,3yag
4740,6457
4741,bx87
4742,fn6x
4743,g5dw
4744,mnxf
4745,88p8
4746,e5y3
4747,dbbe
4748,c4wb
4749,335w
4750,mnx6
4751,5ybn
4752,fg3a
4753,78g2
4754,cgc4
4755,wy6g
4756,fn84
4757,5wfb
4758,gpyp
4759,4354
4760,7b7a
4761,2gng
4762,28eb
4763,m5we
4764,775m
4765,7n74
4766,2bgf
4767,7c2d
4768,4add
4769,wc87
4770,33c8
4771,m88f
4772,7d2f
4773,bdww
4774,8d43
4775,ndg7
4776,46x6
4777,e582
4778,2mb5
4779,4fxx
4780,bf8b
4781,4553
4782,6724
4783,fdw8
4784,m8mw
4785,6g3c
4786,xp7d
4787,fgyn
4788,mag5
4789,2cwy
4790,7y8b
4791,pxgp
4792,xmxe
4793,g73y
4794,c7be
4795,4g5w
4796,adaa
4797,b2f3
4798,aed4
4799,8m7p
4800,wngw
4801,7xn5
4802,yxxm
4803,ndfx
4804,fg7a
4805,fac6
4806,yda5
4807,pexg
4808,2d4m
4809,3b5g
4810,dn2c
4811,ab2x
4812,ggga
4813,28mx
4814,e5c7
4815,247d
4816,wn5f
4817,x585
4818,mxyf
4819,fdy3
4820,wac5
4821,x6w7
4822,ydn6
4823,8y3y
4824,x6ma
4825,2xxn
4826,c5a2
4827,ydbf
4828,f5xb
4829,mg8a
4830,wxwx
4831,ydby
4832,y6c4
4833,25pn
4834,xc66
4835,5caa
4836,dyn6
4837,3623
4838,ypw2
4839,c4d6
4840,6c4b
4841,m8ef
4842,ecb3
4843,pp25
4844,pe5e
4845,wn35
4846,pfb5
4847,3dwd
4848,cmax
4849,8dy5
4850,epx3
4851,gc88
4852,2b67
4853,7epd
4854,e4e7
4855,y5m7
4856,b485
4857,448w
4858,5mdd
4859,wg26
4860,6n8a
4861,7pwp
4862,5fee
4863,5nma
4864,ycx2
4865,833w
4866,8332
4867,emma
4868,gpn6
4869,wa2n
4870,8wan
4871,yad3
4872,5mfg
4873,eyx3
4874,6bwf
4875,d3p7
4876,42g7
4877,bfbg
4878,awgy
4879,m7p7
4880,p56f
4881,mfnf
4882,43f5
4883,a48b
4884,eyxd
4885,b5ya
4886,642f
4887,c4g2
4888,4pfb
4889,fdac
4890,55ab
4891,3c85
4892,p3gw
4893,a3m3
4894,wnna
4895,3a2a
4896,4e5g
4897,xfce
4898,mf44
4899,5p7y
4900,25nx
4901,ea7g
4902,myfg
4903,xnwd
4904,pnab
4905,2n2p
4906,gec3
4907,bxaf
4908,dw56
4909,5g2c
4910,yeww
4911,pe65
4912,ngf2
4913,6pcg
4914,2abd
4915,6p75
4916,38yy
4917,xpwb
4918,p88m
4919,pxaa
4920,5ge8
4921,wecg
4922,7wn8
4923,en7a
4924,mna8
4925,7yw2
4926,e8by
4927,7wyb
4928,mff6
4929,dn32
4930,8ecb
4931,mp35
4932,763f
4933,n27a
4934,6xfe
4935,76an
4936,fggp
4937,cx4w
4938,7887
4939,2m8f
4940,yg72
4941,3be3
4942,3647
4943,fweb
4944,m72x
4945,22nb
4946,yx3d
4947,7833
4948,g4b7
4949,5and
4950,nygc
4951,xafc
4952,ycny
4953,bme8
4954,b6gp
4955,3xwa
4956,yand
4957,gdfn
4958,ny3y
4959,g2df
4960,gpg8
4961,ey25
4962,5gmw
4963,575w
4964,fa37
4965,wyfm
4966,gfd3
4967,yfmc
4968,pbf2
4969,wby2
4970,fgye
4971,bf8f
4972,a3y4
4973,n2yp
4974,m4e8
4975,nn4g
4976,e528
4977,f8dx
4978,xp5b
4979,mp7d
4980,y264
4981,d6x8
4982,fng6
4983,p47x
4984,pdb8
4985,wag7
4986,gbne
4987,x2f4
4988,fxmx
4989,87p6
4990,wf3p
4991,ewe5
4992,byc4
4993,5x2p
4994,326c
4995,g35g
4996,4fdd
4997,x8bd
4998,75m7
4999,d8db
5000,pnx7
5001,aed8
5002,2x62
5003,xwam
5004,ncdc
5005,n627
5006,38n3
5007,5wgd
5008,65c3
5009,8cnb
5010,ad32
5011,xb36
5012,d3n7
5013,8xd6
5014,4yea
5015,mxew
5016,3few
5017,e38x
5018,27mg
5019,xw2g
5020,gn7a
5021,ayac
5022,b855
5023,28m8
5024,wa7n
5025,dx4e
5026,dxnd
5027,8dac
5028,bagw
5029,8c2p
5030,6e5g
5031,3xny
5032,wayy
5033,dyx6
5034,gfc6
5035,cb56
5036,bww6
5037,y27b
5038,e3pb
5039,cm7m
5040,mg4f
5041,d5wx
5042,eegm
5043,n64m
5044,5dab
5045,dwp3
5046,d4wa
5047,ynmw
5048,xm26
5049,x4cw
5050,2e3p
5051,f45b
5052,xd25
5053,x2w6
5054,mye8
5055,fxd3
5056,fx4f
5057,22pb
5058,6fdx
5059,ee46
5060,42a8
5061,m57c
5062,fa3e
5063,8cwy
5064,yncn
5065,cxn5
5066,wxab
5067,2wxe
5068,5c8x
5069,fn74
5070,y5me
5071,pn53
5072,c2wa
5073,g7d6
5074,xgf2
5075,md47
5076,w2n7
5077,fnfe
5078,bx63
5079,aadp
5080,fxyd
5081,wbp5
5082,x2ef
5083,64n5
5084,m3ey
5085,xagm
5086,cc7b
5087,65np
5088,8b74
5089,g3my
5090,ce6d
5091,8f86
5092,gynm
5093,c2w8
5094,w5am
5095,y34e
5096,wx3m
5097,4a4a
5098,yb4y
5099,6y45
5100,f5af
5101,acb3
5102,ea4n
5103,785e
5104,322y
5105,8bgd
5106,mnaa
5107,mx7b
5108,w273
5109,gm64
5110,fbap
5111,68w5
5112,ppa7
5113,npcc
5114,cdy5
5115,wn3d
5116,3g6w
5117,g48y
5118,ywmn
5119,m3e6
5120,g5xn
5121,7xcf
5122,dwwg
5123,478e
5124,cpy6
5125,bpfd
5126,7fy4
5127,y8c4
5128,dg5w
5129,y48f
5130,mbe3
5131,b4f3
5132,apwf
5133,gd47
5134,nm8b
5135,3dx8
5136,3m8a
5137,dp73
5138,nc67
5139,wexm
5140,3yc2
5141,eggf
5142,pa53
5143,7w45
5144,8586
5145,b632
5146,dgfg
5147,55n5
5148,wc8g
5149,cncc
5150,6mgy
5151,n462
5152,ppd7
5153,beex
5154,4n88
5155,622w
5156,mw7d
5157,da52
5158,7864
5159,p4en
5160,f5ef
5161,c8p6
5162,2ffm
5163,yfwc
5164,683c
5165,apwg
5166,yd6g
5167,5ng3
5168,6dc8
5169,eyed
5170,cxm7
5171,8dx3
5172,y7bw
5173,gcw5
5174,e5xn
5175,mewd
5176,f7dp
5177,y2dc
5178,fpep
5179,wan4
5180,bbw8
5181,f4c3
5182,pafw
5183,43n3
5184,e5yw
5185,46nf
5186,2a8m
5187,y7dy
5188,dfnb
5189,83a5
5190,563n
5191,mcgd
5192,w84d
5193,x3wx
5194,g336
5195,7p58
5196,d33b
5197,by2f
5198,ww4b
5199,aydy
5200,cp8a
5201,2cn3
5202,mpw6
5203,4wxy
5204,mpae
5205,a6mc
5206,cgp8
5207,f54x
5208,e666
5209,4bpg
5210,w6na
5211,6yd5
5212,bcay
5213,66g4
5214,7my6
5215,w63e
5216,67ae
5217,3aea
5218,wwdd
5219,dynm
5220,6m44
5221,85mf
5222,pxnb
5223,nam8
5224,py32
5225,amxy
5226,5d2n
5227,fbyn
5228,7fny
5229,23xf
5230,fwa4
5231,ndgg
5232,4bay
5233,wdxd
5234,d4fa
5235,bbg4
5236,d7fe
5237,maac
5238,y7mx
5239,pd2y
5240,pe56
5241,4fea
5242,54px
5243,548g
5244,c385
5245,b6m2
5246,5ef2
5247,2wg5
5248,wfn4
5249,y5d2
5250,74n3
5251,24wg
5252,ddb4
5253,nbe3
5254,5wm6
5255,c8e5
5256,f5bn
5257,85e7
5258,wnw5
5259,ngyf
5260,p6yn
5261,cm37
5262,5yyc
5263,y4f6
5264,23f7
5265,m7pm
5266,6bpg
5267,www3
5268,ef7x
5269,8485
5270,7cc3
5271,82cx
5272,bfw2
5273,pamw
5274,8c4x
5275,y7dd
5276,enmw
5277,2ey8
5278,bgf3
5279,a7ee
5280,bc5w
5281,m4x7
5282,6c75
5283,83c4
5284,demw
5285,77c5
5286,xx35
5287,a783
5288,e348
5289,m6cp
5290,64w4
5291,fm3p
5292,28x5
5293,66d7
5294,m6af
5295,3x5w
5296,5ax8
5297,w465
5298,nfb8
5299,8cd6
5300,fd8e
5301,yy57
5302,a3c4
5303,epmn
5304,ydpm
5305,635d
5306,wana
5307,cnwm
5308,d53y
5309,b3xf
5310,b7b6
5311,5a88
5312,27gy
5313,5wyd
5314,wexx
5315,84yn
5316,4da8
5317,m25c
5318,7d3n
5319,xn68
5320,wmm2
5321,7gpp
5322,c3m2
5323,xec4
5324,w2f6
5325,w7mb
5326,a786
5327,5mpg
5328,dgmn
5329,78b8
5330,6fcf
5331,fp53
5332,g282
5333,xnb6
5334,43dp
5335,n2x7
5336,d6yx
5337,xe2d
5338,gwfy
5339,mn5x
5340,4cew
5341,72fp
5342,6f8p
5343,pm6e
5344,5g5x
5345,3na4
5346,dc42
5347,damf
5348,p8pe
5349,pxf4
5350,6a5y
5351,d4mn
5352,y2xc
5353,3ax6
5354,52xf
5355,7fxx
5356,fxf5
5357,xmde
5358,4m4c
5359,de72
5360,b62w
5361,fp83
5362,dnw5
5363,6x2m
5364,wym5
5365,cgwf
5366,eya8
5367,xby7
5368,a7na
5369,fgpg
5370,6e6b
5371,fa64
5372,bd83
5373,c488
5374,3xbg
5375,yef4
5376,gen6
5377,xeg5
5378,ac5p
5379,5pgd
5380,b6yw
5381,3mgp
5382,3473
5383,mean
5384,m5fp
5385,cfcp
5386,ywyn
5387,b8xe
5388,a2an
5389,epd8
5390,wya2
5391,6ypa
5392,xcmm
5393,cdfn
5394,gxa8
5395,mnfa
5396,g5mf
5397,a7mm
5398,6467
5399,g6c8
5400,dm4d
5401,w8f2
5402,b4c4
5403,p6x8
5404,4b42
5405,e3ew
5406,cd65
5407,ybxc
5408,f285
5409,bxnc
5410,cwyw
5411,547f
5412,y2bc
5413,ewda
5414,name
5415,7dbc
5416,5xxe
5417,gb7c
5418,y3ew
5419,wm57
5420,da4p
5421,8b44
5422,dpbf
5423,f65g
5424,wd5f
5425,dm7e
5426,fe6b
5427,m57m
5428,e76e
5429,3x85
5430,bbgb
5431,gdgf
5432,fwga
5433,8a2a
5434,c3e7
5435,df5b
5436,a3e6
5437,wxpg
5438,xeb2
5439,a7xc
5440,p3nx
5441,mfe5
5442,x332
5443,d7gn
5444,nn5x
5445,mwbm
5446,6a7b
5447,b3xw
5448,xy4m
5449,x3df
5450,fd6b
5451,g3w4
5452,ga8w
5453,mbnd
5454,xm47
5455,bg2n
5456,ec6f
5457,66wc
5458,yd8b
5459,e64n
5460,g3da
5461,2x7f
5462,nebx
5463,6gc6
5464,4ane
5465,5bff
5466,xxmd
5467,5cym
5468,3w3y
5469,7g4x
5470,fcnw
5471,g88n
5472,n327
5473,wdyc
5474,d7y6
5475,8pmg
5476,b2w8
5477,fmb2
5478,pf2f
5479,pfbb
5480,n6nx
5481,d26a
5482,5xy4
5483,g53x
5484,6e46
5485,422c
5486,4bb3
5487,3787
5488,fb4m
5489,p7ge
5490,8c8x
5491,dg8f
5492,gy88
5493,wag5
5494,by5m
5495,8ma4
5496,f64c
5497,xmyy
5498,fwbe
5499,ff2p
5500,7yf3
5501,e2d6
5502,dw6d
5503,efg6
5504,5pn5
5505,e7ff
5506,5axe
5507,ngyc
5508,b6ne
5509,dyww
5510,py28
5511,8c8p
5512,2emm
5513,fg4e
5514,ca55
5515,nfwd
5516,c8my
5517,7d45
5518,gd77
5519,a2ag
5520,46wb
5521,g333
5522,7apm
5523,2mee
5524,w3ad
5525,a4cp
5526,6e7y
5527,fc7b
5528,fxg4
5529,m7mn
5530,4pd5
5531,c528
5532,cpea
5533,2ywg
5534,372g
5535,yggb
5536,ecbp
5537,ggeb
5538,64db
5539,dne8
5540,ygmn
5541,waf2
5542,me56
5543,7xw8
5544,n3bf
5545,3463
5546,44e4
5547,yn24
5548,b2ew
5549,mc73
5550,e7we
5551,fxd8
5552,542b
5553,82ec
5554,xcdm
5555,7w66
5556,63g7
5557,afey
5558,g6bm
5559,cnne
5560,c6pw
5561,nwc4
5562,awn2
5563,42a5
5564,5ae6
5565,8m48
5566,d3cy
5567,ca24
5568,e4d4
5569,3gae
5570,p5eg
5571,8484
5572,6wc8
5573,6e33
5574,g4yd
5575,bfny
5576,w644
5577,ced4
5578,gbp2
5579,p3mw
5580,wxaw
5581,28nm
5582,y4c2
5583,nnfw
5584,4xae
5585,y8eg
5586,7b56
5587,y6xm
5588,6xpw
5589,5p8d
5590,m5pc
5591,36ff
5592,p48m
5593,6mc6
5594,m5be
5595,en4b
5596,bmea
5597,dpgy
5598,ayce
5599,3fxx
5600,2e3p
5601,amnw
5602,6n8e
5603,m777
5604,epp6
5605,c5ye
5606,5ea5
5607,pw7p
5608,fb75
5609,n8ex
5610,8w7a
5611,27b6
5612,n4g2
5613,82a3
5614,gy7b
5615,mnw6
5616,7d6b
5617,2b8y
5618,nppm
5619,wf2n
5620,d22e
5621,6mw5
5622,2md8
5623,magg
5624,x5b6
5625,3wne
5626,cep5
5627,2e55
5628,ymd5
5629,2m8x
5630,cw83
5631,bmnf
5632,g65a
5633,5gbf
5634,54b3
5635,c8wa
5636,ngxe
5637,8nxg
5638,fmbg
5639,3885
5640,c228
5641,bmae
5642,mg8g
5643,cmbp
5644,nxx8
5645,ewxg
5646,pm7f
5647,658c
5648,d3w5
5649,bm5p
5650,cgbc
5651,p84f
5652,32dn
5653,w7m8
5654,4865
5655,bm3n
5656,8b7n
5657,543b
5658,7f8e
5659,pcp4
5660,f375
5661,62gc
5662,pape
5663,agxf
5664,pfnm
5665,ef7n
5666,6mw7
5667,73c5
5668,d6pf
5669,fxew
5670,xx6c
5671,ngx4
5672,x3p8
5673,bcbw
5674,mnfb
5675,pad2
5676,ffbc
5677,bap5
5678,5gem
5679,8fme
5680,c88e
5681,yd2y
5682,ca6w
5683,e5ea
5684,76bf
5685,dxpy
5686,x6dg
5687,pa27
5688,p6pb
5689,8p3c
5690,y2wx
5691,b54a
5692,cync
5693,bcyp
5694,dfbe
5695,8xy5
5696,77em
5697,nx3y
5698,pm52
5699,py3n
5700,6dmf
5701,p7mp
5702,amea
5703,w8yw
5704,7m4g
5705,emfg
5706,xadb
5707,8mf5
5708,gbwb
5709,gnex
5710,48w5
5711,yecm
5712,3wdc
5713,8mab
5714,3x36
5715,nm8w
5716,3b28
5717,3enn
5718,25a2
5719,3gye
5720,5dyc
5721,a38m
5722,gea8
5723,nm45
5724,gwwp
5725,3ab5
5726,3a8c
5727,fx7m
5728,3m3b
5729,2n78
5730,p4m8
5731,2ecy
5732,5mex
5733,66de
5734,xd52
5735,g3wp
5736,yepn
5737,gynd
5738,4m2a
5739,2wed
5740,cd5d
5741,d7g8
5742,yaca
5743,2ccf
5744,pb8f
5745,6n7n
5746,xdp4
5747,3m7m
5748,dbd4
5749,8w4x
5750,e2yn
5751,8bpb
5752,gw2b
5753,2m57
5754,3mm8
5755,e3ey
5756,mf3b
5757,we44
5758,ang6
5759,bpp6
5760,afmx
5761,pgb6
5762,6yfw
5763,3dxm
5764,cd75
5765,ab84
5766,ccep
5767,wfam
5768,g636
5769,nx25
5770,bddn
5771,23mx
5772,7ewm
5773,88pe
5774,a4c6
5775,536p
5776,mpc2
5777,3ymg
5778,eeyx
5779,mbg3
5780,87yw
5781,fyxx
5782,4852
5783,8f3c
5784,nfwn
5785,adbp
5786,6568
5787,wwym
5788,menb
5789,73eg
5790,ef8b
5791,wbed
5792,mwdp
5793,y8np
5794,pbww
5795,c4w4
5796,2232
5797,3xma
5798,x77f
5799,ged3
5800,p6yf
5801,ewd4
5802,y3ff
5803,a38x
5804,2y6g
5805,e6wn
5806,d5e5
5807,5x85
5808,6845
5809,4486
5810,bagb
5811,n362
5812,eamd
5813,8fy4
5814,7exm
5815,cgd2
5816,ayfe
5817,c85n
5818,5mn6
5819,xmwg
5820,fawc
5821,3cmf
5822,cy26
5823,86x2
5824,2cwa
5825,dgy2
5826,d83w
5827,p3x7
5828,3w74
5829,ce6a
5830,625x
5831,cafd
5832,b2pw
5833,x5a3
5834,78xg
5835,63e7
5836,45md
5837,ee52
5838,3cy8
5839,f8gm
5840,yexe
5841,48mx
5842,6mfc
5843,3wf6
5844,w6x3
5845,mcfn
5846,pngw
5847,eyp3
5848,5xe5
5849,pnaa
5850,agnf
5851,2gy2
5852,faw6
5853,dyy8
5854,x734
5855,wbpp
5856,xppy
5857,wcm4
5858,cpf8
5859,4g85
5860,cpyc
5861,fe86
5862,x4c2
5863,277d
5864,de4c
5865,6dea
5866,2gbb
5867,pwca
5868,5y86
5869,ep4b
5870,7gm6
5871,g2fx
5872,pmn2
5873,pmm7
5874,bwp3
5875,72db
5876,pdw3
5877,pdd4
5878,e8g2
5879,6yfx
5880,f75g
5881,6fdd
5882,d3bw
5883,8y73
5884,236p
5885,mbpg
5886,m5xn
5887,2e66
5888,622f
5889,5may
5890,p55e
5891,fexm
5892,md75
5893,5mb3
5894,n57c
5895,wdfm
5896,ax72
5897,7y33
5898,yge3
5899,pc2c
5900,g2y8
5901,6wn3
5902,fnam
5903,xg8w
5904,5d4x
5905,n4px
5906,e8gm
5907,nccw
5908,3yb7
5909,xx4c
5910,6cec
5911,mafd
5912,e337
5913,m32m
5914,6nfb
5915,3486
5916,7fnw
5917,g538
5918,73c6
5919,xycb
5920,3dg8
5921,8fap
5922,y43e
5923,gy5y
5924,3e53
5925,n6a2
5926,3d8c
5927,ccmd
5928,5g4f
5929,bp3d
5930,bxwg
5931,bd2g
5932,e7d5
5933,588b
5934,5n8n
5935,4mxf
5936,8yn5
5937,ywnd
5938,d4em
5939,w7xf
5940,45cc
5941,8x25
5942,nf64
5943,cwmp
5944,cm65
5945,x887
5946,52gc
5947,x6x8
5948,gbce
5949,wmyp
5950,nw6x
5951,fyfa
5952,f4b2
5953,g4cd
5954,p576
5955,ygy5
5956,2ba7
5957,eep4
5958,ddgw
5959,8bg2
5960,322y
5961,nnna
5962,f4fa
5963,b886
5964,48n5
5965,8npm
5966,6cwd
5967,yndm
5968,b5wb
5969,2ffd
5970,4fw5
5971,gwc5
5972,b6yb
5973,685e
5974,85bc
5975,7d8g
5976,3gxd
5977,3x62
5978,np4e
5979,f24d
5980,b276
5981,xwam
5982,36b7
5983,n4fe
5984,wg8y
5985,4654
5986,57nd
5987,ncfb
5988,gd8y
5989,f7a5
5990,5bd7
5991,wwbp
5992,3dgc
5993,85mc
5994,6xen
5995,c87d
5996,2cef
5997,gbw5
5998,bmyg
5999,mmyg
6000,a2cm
6001,yxn4
6002,xpce
6003,ab8y
6004,4nb6
6005,47g7
6006,7342
6007,3mgg
6008,dfp2
6009,eff5
6010,c7gm
6011,8bf4
6012,d4g8
6013,7p8c
6014,mf4b
6015,w4em
6016,7yap
6017,5nfy
6018,cy2e
6019,c6f7
6020,mnxf
6021,anm3
6022,mpdx
6023,5a7n
6024,e4x8
6025,pb37
6026,e2xn
6027,m5yx
6028,5e3a
6029,m48f
6030,cn65
6031,w6x5
6032,45e2
6033,egw6
6034,3ya6
6035,an2m
6036,wy46
6037,w8bc
6038,n6w7
6039,enwy
6040,p4wc
6041,bn3p
6042,xn3p
6043,ncp6
6044,dagw
6045,77m6
6046,dewa
6047,mm8a
6048,xw5y
6049,ypdw
6050,3286
6051,n5nx
6052,f6wm
6053,5yg4
6054,wa4e
6055,w28b
6056,yam7
6057,w82f
6058,gg8f
6059,25ay
6060,5emx
6061,dfpg
6062,c5w8
6063,x5c2
6064,c8m3
6065,py8x
6066,y3w6
6067,gxby
6068,8aa8
6069,c4ax
6070,pm6d
6071,w4cg
6072,4xxw
6073,y5gg
6074,n88g
6075,6mg2
6076,aace
6077,c7f8
6078,285m
6079,4578
6080,7m2y
6081,f45p
6082,b2p4
6083,3nw7
6084,8ecc
6085,bpcg
6086,ex35
6087,6men
6088,c6gc
6089,4e4c
6090,dy4g
6091,p863
6092,p4p7
6093,d3dw
6094,e3yp
6095,ae84
6096,w3aw
6097,3cdd
6098,dc43
6099,2d8p
6100,dww3
6101,ggwe
6102,2wcx
6103,pfe7
6104,52y6
6105,gxny
6106,2ge2
6107,335n
6108,ad2w
6109,7bxp
6110,g6n8
6111,axym
6112,3e4f
6113,77mw
6114,megf
6115,m732
6116,f7cg
6117,n8c3
6118,x2w5
6119,5xmx
6120,ync5
6121,24wx
6122,pfx7
6123,ap22
6124,wbm4
6125,643c
6126,5w3c
6127,36np
6128,wce3
6129,34ge
6130,xbnc
6131,bd7e
6132,xw6b
6133,pnyf
6134,w2yc
6135,gg4a
6136,ed5x
6137,c263
6138,ymdg
6139,cn3m
6140,ca84
6141,6w74
6142,y88f
6143,cga5
6144,38be
6145,x2yf
6146,7gmp
6147,fam5
6148,y2nf
6149,x55c
6150,awfg
6151,8gnm
6152,27p2
6153,cend
6154,gyd4
6155,bynx
6156,w4ym
6157,68pg
6158,ya5f
6159,7fmc
6160,4dw2
6161,826x
6162,788x
6163,dw2y
6164,47af
6165,548p
6166,8685
6167,2pbn
6168,bbyg
6169,yx4c
6170,npf7
6171,6wb7
6172,a835
6173,446f
6174,73e3
6175,726n
6176,nen3
6177,4yc7
6178,pf82
6179,c7yp
6180,47xy
6181,dap7
6182,4pmy
6183,gdaa
6184,ng7x
6185,36ng
6186,enmp
6187,2x8x
6188,73m2
6189,n4w7
6190,4g5w
6191,472x
6192,pe4m
6193,acem
6194,8y6f
6195,gyce
6196,e423
6197,caap
6198,deb7
6199,4fen
6200,82gn
6201,peyy
6202,db8c
6203,5f6d
6204,b7y5
6205,bf38
6206,67by
6207,xfb5
6208,bmp7
6209,gn3a
6210,aw56
6211,bcxc
6212,xexa
6213,2wxm
6214,y7ee
6215,x2xn
6216,d437
6217,cyn2
6218,cd6f
6219,c5c4
6220,bycw
6221,n45w
6222,2m68
6223,6adf
6224,gc7c
6225,cdw5
6226,g2na
6227,f2x8
6228,gcpp
6229,e2x6
6230,p7d2
6231,bad2
6232,4d4c
6233,5ygp
6234,b5yc
6235,y733
6236,7wg6
6237,7f2f
6238,wb6n
6239,cea2
6240,fmgf
6241,m8pb
6242,e4a5
6243,m3pe
6244,dm85
6245,xpb4
6246,8xye
6247,cm2y
6248,6788
6249,7ypf
6250,w6nn
6251,4m77
6252,bwf8
6253,gp77
6254,wgwb
6255,n4fx
6256,52a2
6257,m4nx
6258,p3ce
6259,xe83
6260,5b6y
6261,2y6m
6262,83b7
6263,n767
6264,yyfg
6265,ey5e
6266,d5xy
6267,wxab
6268,bexy
6269,35yw
6270,3ppb
6271,5dng
6272,ae2f
6273,mmb4
6274,ye62
6275,mnfb
6276,645b
6277,m58n
6278,ym7y
6279,2fpd
6280,nfef
6281,gnac
6282,x5bp
6283,m2mb
6284,bae7
6285,d6yn
6286,mfgf
6287,cb4x
6288,dncb
6289,22gp
6290,a42a
6291,5f8y
6292,878c
6293,4733
6294,yxa4
6295,65bg
6296,w7by
6297,xbn5
6298,8gw5
6299,5dey
6300,gcee
6301,6pw4
6302,axm4
6303,d58m
6304,c2yf
6305,5p38
6306,6wfp
6307,xn68
6308,cxe5
6309,dyx3
6310,enyw
6311,eg38
6312,an87
6313,65bm
6314,32c2
6315,f4dy
6316,a7cy
6317,2wpw
6318,m257
6319,xn7w
6320,5d8w
6321,mp7m
6322,4267
6323,meng
6324,ne48
6325,dpfm
6326,m2b6
6327,6ffw
6328,efab
6329,m658
6330,7nw3
6331,87c7
6332,me8f
6333,3d5f
6334,3x3c
6335,d5ye
6336,ep8a
6337,2cew
6338,dwcb
6339,f8g5
6340,3mwg
6341,3w7b
6342,7wxf
6343,5b27
6344,2nex
6345,53x2
6346,867f
6347,ggae
6348,yxn4
6349,4w37
6350,exa3
6351,5gay
6352,pe2n
6353,gfcp
6354,5pwc
6355,wy8c
6356,nf7f
6357,ba56
6358,44cw
6359,p3fm
6360,5xca
6361,cem2
6362,y4f7
6363,wy65
6364,gc8n
6365,ccyn
6366,7p7p
6367,eyww
6368,w7m2
6369,mm64
6370,4c3b
6371,mf67
6372,aycd
6373,2xdy
6374,fnxn
6375,288g
6376,3d85
6377,8bpy
6378,pg6f
6379,2em7
6380,ffn8
6381,wa3n
6382,bbyw
6383,w64c
6384,xc5m
6385,3e3n
6386,eepx
6387,en6y
6388,373b
6389,7xw4
6390,78b8
6391,5bgb
6392,y4xm
6393,ne7w
6394,padb
6395,3mby
6396,fm7b
6397,c437
6398,byef
6399,dwpc
6400,mgb7
6401,fc6e
6402,5gfw
6403,acc4
6404,dp46
6405,e3ce
6406,pdfp
6407,8wcd
6408,m5gb
6409,2382
6410,wyww
6411,w55n
6412,7cw3
6413,pceb
6414,m8x6
6415,yyfc
6416,x733
6417,mn74
6418,dng7
6419,e7e2
6420,wanx
6421,68fy
6422,xm37
6423,b4wd
6424,ynax
6425,npb7
6426,eapp
6427,3w3c
6428,8nc7
6429,33y7
6430,dda8
6431,87bx
6432,4c67
6433,bxxc
6434,6m6b
6435,ym7d
6436,75pw
6437,3652
6438,3n6x
6439,ac7w
6440,58cm
6441,m3an
6442,amm2
6443,n626
6444,pwwd
6445,m3da
6446,wgwy
6447,mb4n
6448,xx56
6449,y5a8
6450,xfm5
6451,ng6e
6452,wygn
6453,4dgn
6454,74em
6455,w3ye
6456,32de
6457,46w7
6458,4nax
6459,cc4y
6460,x25n
6461,cy6w
6462,m34e
6463,mc6d
6464,6aa2
6465,cgw4
6466,7b3c
6467,537m
6468,gy36
6469,ap4w
6470,4mmm
6471,pxm4
6472,pxen
6473,b725
6474,xd5c
6475,2pya
6476,pepp
6477,4eaw
6478,mn6x
6479,6gme
6480,dc57
6481,4y3e
6482,5xmm
6483,5p4x
6484,a4ge
6485,dnad
6486,8yng
6487,wcmy
6488,7mnp
6489,nf5d
6490,b4fy
6491,675d
6492,b7ya
6493,7emm
6494,e3xx
6495,5bcf
6496,y4gg
6497,bmmg
6498,g82e
6499,553y
6500,enmp
6501,y44f
6502,e53n
6503,34df
6504,geay
6505,6xeg
6506,cagd
6507,4xe6
6508,xdgd
6509,5ycm
6510,38xx
6511,c88x
6512,a3mx
6513,d2a7
6514,8c27
6515,34d5
6516,d8xw
6517,p766
6518,fp3d
6519,2a3b
6520,gm8m
6521,dbf8
6522,8pw8
6523,aa5e
6524,cpe6
6525,x452
6526,5e6f
6527,53nw
6528,7y63
6529,68m3
6530,4ga8
6531,3yf7
6532,bnge
6533,ddg2
6534,py8x
6535,wa26
6536,nwcm
6537,7w4x
6538,5e3n
6539,ywyy
6540,8y2g
6541,e63a
6542,46ba
6543,p4xg
6544,7dwp
6545,p8ce
6546,8wmp
6547,y467
6548,248b
6549,cy4f
6550,6a4d
6551,gdp4
6552,mf72
6553,c2fd
6554,ge82
6555,5mcc
6556,cf6n
6557,yxn8
6558,c2wy
6559,3nda
6560,pyp8
6561,3dwf
6562,bmnm
6563,bp8p
6564,7c7x
6565,fwfb
6566,23gc
6567,e7c2
6568,ee8c
6569,eeca
6570,dff8
6571,23wd
6572,w23g
6573,dxea
6574,b4b5
6575,c22w
6576,7wgf
6577,mwgg
6578,64de
6579,6fda
6580,7ma3
6581,5pbd
6582,bfbg
6583,xmp7
6584,75pb
6585,f62d
6586,8cda
6587,geb5
6588,dbmw
6589,67n4
6590,en6x
6591,7n4e
6592,npam
6593,b6cw
6594,4d58
6595,pdw2
6596,a5f4
6597,ge28
6598,fabg
6599,ywa3
6600,caw7
6601,7fpw
6602,7w33
6603,fbbd
6604,mgd3
6605,yx52
6606,ay84
6607,gde3
6608,8ebe
6609,xwbc
6610,pec2
6611,gn6b
6612,cex8
6613,n346
6614,ew34
6615,3dyy
6616,y4n4
6617,gx53
6618,nc4y
6619,ee7p
6620,5m5a
6621,63wa
6622,4x2b
6623,a6d2
6624,5ee8
6625,bgxy
6626,y85y
6627,4687
6628,m3df
6629,a8pe
6630,8gn5
6631,22m6
6632,2ncx
6633,gde5
6634,m46n
6635,ycme
6636,3ggp
6637,bde5
6638,dnee
6639,37xx
6640,7dgn
6641,4wce
6642,4863
6643,f8p5
6644,ycdc
6645,d22m
6646,f5ne
6647,53b5
6648,nndb
6649,2pf2
6650,47pe
6651,x855
6652,ce3n
6653,f367
6654,2764
6655,m7x5
6656,4ddg
6657,p42d
6658,yey6
6659,afp7
6660,3b75
6661,64eb
6662,2c83
6663,e7px
6664,wd84
6665,c266
6666,7aca
6667,3dbg
6668,ny53
6669,2p57
6670,ffbm
6671,g3g5
6672,8wdp
6673,x786
6674,835w
6675,2cyn
6676,2w4p
6677,862x
6678,eb4d
6679,baf8
6680,fa6w
6681,ngcn
6682,ney5
6683,n7fc
6684,bwmy
6685,6333
6686,42c3
6687,d27x
6688,e8c4
6689,c44b
6690,38ab
6691,nnpn
6692,egga
6693,d5bx
6694,8ngg
6695,4y67
6696,g3eb
6697,ndg5
6698,5g63
6699,dpnw
6700,gfc7
6701,mycw
6702,87nf
6703,p248
6704,5nmd
6705,webw
6706,n5gx
6707,56d8
6708,m867
6709,efbe
6710,d5yg
6711,86en
6712,m3cb
6713,xxyy
6714,87mg
6715,x6m6
6716,n73m
6717,4xcf
6718,ep5c
6719,gep3
6720,5nnw
6721,g3n8
6722,nepf
6723,yg5a
6724,w6de
6725,yag7
6726,xw6e
6727,e37x
6728,25mg
6729,gd3n
6730,66yb
6731,y3np
6732,xwga
6733,ncw5
6734,4baw
6735,8fbe
6736,5wxw
6737,pn5a
6738,22af
6739,gn4n
6740,6en6
6741,dmn2
6742,27gy
6743,by58
6744,effa
6745,b53n
6746,bn83
6747,66py
6748,epdf
6749,g8xe
6750,p5cm
6751,2byw
6752,am7x
6753,4wwa
6754,ydp3
6755,pden
6756,6cpy
6757,epwx
6758,xeym
6759,w87e
6760,3e4d
6761,65m7
6762,nmn7
6763,3ceb
6764,fg37
6765,pdyp
6766,pbp8
6767,pmf3
6768,gppm
6769,fcng
6770,aexd
6771,xc4p
6772,p4xy
6773,n57p
6774,pxn2
6775,dydw
6776,cnff
6777,dmc8
6778,a6ma
6779,py2y
6780,emyg
6781,dfxa
6782,3bb8
6783,5pm4
6784,xnwa
6785,687c
6786,fyna
6787,72ye
6788,dmnp
6789,e4p4
6790,cebn
6791,464y
6792,ed2b
6793,3anb
6794,am25
6795,8mwd
6796,a35m
6797,g555
6798,8cad
6799,p554
6800,acmn
6801,defy
6802,535m
6803,6cxe
6804,e75f
6805,epdf
6806,p5bb
6807,52ca
6808,7agd
6809,8f6w
6810,f7yy
6811,gb5f
6812,yb74
6813,4637
6814,3d22
6815,ax68
6816,2af7
6817,ym3x
6818,bag7
6819,8y7p
6820,wmbf
6821,3ydw
6822,yd3f
6823,2b3n
6824,afw2
6825,yef5
6826,768a
6827,cbw4
6828,cg5w
6829,xmpe
6830,fc4m
6831,bdf6
6832,ye8n
6833,8yd6
6834,56yx
6835,dd36
6836,7p6b
6837,7ag2
6838,d3f6
6839,8nxy
6840,g636
6841,422b
6842,4n5x
6843,bbmf
6844,cwwp
6845,4ymc
6846,3cpm
6847,bcnw
6848,xnb3
6849,ywbf
6850,658a
6851,72fa
6852,7wg2
6853,wa2e
6854,6722
6855,nmbm
6856,n8ye
6857,bfy8
6858,7wa7
6859,nwem
6860,576n
6861,432b
6862,x6fb
6863,afxc
6864,p4fg
6865,y4mc
6866,bc67
6867,6ex3
6868,ab7b
6869,xpen
6870,de46
6871,cgdn
6872,7ayp
6873,6acn
6874,y4am
6875,3254
6876,7dgc
6877,dx4d
6878,552f
6879,pd7g
6880,m8xg
6881,xb5m
6882,2pnf
6883,ffx3
6884,mfxb
6885,ffbn
6886,3ya7
6887,64b3
6888,cfg7
6889,8wx4
6890,388g
6891,b22y
6892,ypp7
6893,ewa3
6894,bybw
6895,3wn6
6896,yfc2
6897,3g4f
6898,ewwe
6899,ybdb
6900,a3wy
6901,ywm8
6902,86xb
6903,yyfp
6904,a2an
6905,m2ac
6906,pmdm
6907,aa5g
6908,44fa
6909,8fyb
6910,gpy2
6911,f8b2
6912,d5gg
6913,cy27
6914,6pmm
6915,yxpw
6916,w5fw
6917,g2m8
6918,xg7c
6919,4af3
6920,7d7m
6921,f8e3
6922,3ba4
6923,beee
6924,738p
6925,cd62
6926,dmy3
6927,8yna
6928,eddd
6929,c534
6930,28fm
6931,efmd
6932,x3e6
6933,2ep7
6934,6png
6935,d74w
6936,d78f
6937,abb6
6938,f2fe
6939,w82y
6940,adc4
6941,ccp5
6942,ae43
6943,6byc
6944,75b8
6945,6e6g
6946,34dw
6947,cme6
6948,4m56
6949,g74w
6950,368n
6951,m5yn
6952,xayb
6953,g7gb
6954,87bn
6955,2mfn
6956,d6nn
6957,7xb4
6958,4ney
6959,mwby
6960,m7ew
6961,68ae
6962,gag2
6963,y88c
6964,a4xd
6965,bmfw
6966,cw54
6967,cw54
6968,yayg
6969,ndya
6970,ffa2
6971,28y6
6972,m4b3
6973,c2aa
6974,a3d4
6975,f8gm
6976,cmpe
6977,ppm5
6978,5gmn
6979,b636
6980,6ey6
6981,67g2
6982,cbnc
6983,ba2y
6984,3a8m
6985,7eba
6986,mbdc
6987,wwxe
6988,n8wm
6989,g6y5
6990,pw76
6991,2mxy
6992,bab3
6993,yefe
6994,bpx3
6995,62n8
6996,32ee
6997,gbf2
6998,xwac
6999,gea5
7000,b347
7001,xwpp
7002,7gwn
7003,6c5c
7004,56pe
7005,d45w
7006,e633
7007,m5ab
7008,em42
7009,wme4
7010,anwb
7011,cagb
7012,8m8a
7013,xax3
7014,f7g4
7015,7yw5
7016,bbam
7017,n5m2
7018,yfmy
7019,5n84
7020,eeew
7021,m7pc
7022,c5pf
7023,bfwd
7024,pp6y
7025,4g3m
7026,pmcg
7027,72ce
7028,88w6
7029,g68x
7030,f7e7
7031,nnp6
7032,8x4y
7033,y4bw
7034,7c5f
7035,2682
7036,eb5w
7037,g2cf
7038,gw5e
7039,86da
7040,43an
7041,7b8g
7042,4g68
7043,ewyx
7044,3daw
7045,2y2c
7046,7wn3
7047,fbne
7048,p5wg
7049,258y
7050,6ybn
7051,mbaa
7052,da88
7053,dgnw
7054,cfxm
7055,mw2c
7056,xpw6
7057,gg2n
7058,2a2b
7059,48eb
7060,c6ww
7061,d63d
7062,wbc8
7063,x6y5
7064,ypda
7065,y7a3
7066,e3y5
7067,gn3p
7068,enb4
7069,8fge
7070,6age
7071,d72e
7072,c58a
7073,p6ee
7074,ncw5
7075,xx6e
7076,7fe4
7077,7n83
7078,ndne
7079,abbp
7080,p8px
7081,bbby
7082,a26d
7083,5ef2
7084,c2w4
7085,wn8m
7086,5mx6
7087,d6ag
7088,y8be
7089,f7m3
7090,56bm
7091,5a38
7092,82w5
7093,ag35
7094,6f67
7095,c47n
7096,73e5
7097,47ed
7098,7ax5
7099,ffy2
7100,2epf
7101,ewex
7102,5cdf
7103,cdf6
7104,2w3g
7105,248e
7106,cy8w
7107,bya7
7108,ww6g
7109,25e5
7110,8pyx
7111,fge5
7112,yn3n
7113,g76x
7114,ancc
7115,w86c
7116,3dwy
7117,4gfy
7118,7byy
7119,5xdc
7120,e3ee
7121,45w7
7122,mn26
7123,wnbp
7124,pb6e
7125,n76g
7126,m6p3
7127,gn2b
7128,gadp
7129,78m8
7130,x6xd
7131,6m3x
7132,4w27
7133,xngm
7134,2bg4
7135,y8mc
7136,cywb
7137,aw4g
7138,ww6w
7139,a4c4
7140,e7ew
7141,mg3b
7142,gnax
7143,y88f
7144,82xm
7145,56nd
7146,bwbm
7147,4nx3
7148,4bpd
7149,gpb2
7150,cwc5
7151,apeg
7152,ced8
7153,mmg8
7154,6yxe
7155,bb75
7156,nnmm
7157,bncc
7158,ceyx
7159,dyxy
7160,dn5y
7161,pfw8
7162,gf2x
7163,me7m
7164,2ed4
7165,6acc
7166,86f3
7167,73ec
7168,2gax
7169,dd58
7170,mdp5
7171,6pxa
7172,8nm3
7173,mwg3
7174,mp73
7175,xfec
7176,bbxw
7177,4cn7
7178,yb62
7179,7pdf
7180,5gp8
7181,nwc2
7182,fm4w
7183,y6eg
7184,7cbg
7185,85ff
7186,med6
7187,fbnn
7188,dbac
7189,m3xw
7190,w3wc
7191,8f55
7192,cegp
7193,ymye
7194,ywpy
7195,cg2g
7196,58m8
7197,3wgf
7198,md27
7199,ppen
7200,cbmn
7201,fyex
7202,4gd2
7203,5wxw
7204,fw28
7205,8cg8
7206,ffpw
7207,n7m5
7208,7gcf
7209,xye5
7210,wy74
7211,6bmx
7212,bcm8
7213,42ea
7214,7ccf
7215,n48f
7216,nm33
7217,a7wf
7218,82g8
7219,ybgg
7220,4b4p
7221,ne8p
7222,84dc
7223,fy38
7224,pwn5
7225,n76f
7226,dwp5
7227,b5yy
7228,2cnc
7229,6xww
7230,c2y8
7231,2m5y
7232,g27g
7233,fdmx
7234,7c8d
7235,dcec
7236,g27b
7237,dxd6
7238,4mne
7239,ydmc
7240,b5d8
7241,dpx8
7242,nbpf
7243,6784
7244,4ebf
7245,4ycc
7246,6fx4
7247,yddf
7248,5p6m
7249,g7xg
7250,w8db
7251,p255
7252,fdx2
7253,pbx8
7254,5d6n
7255,6gax
7256,4b2m
7257,25gd
7258,n3b4
7259,6n48
7260,ex5g
7261,gngx
7262,2ec8
7263,e3cp
7264,xcd8
7265,6fbx
7266,6aca
7267,bcyn
7268,78wb
7269,f52m
7270,cw55
7271,d3m8
7272,f56g
7273,fe62
7274,mw47
7275,36cg
7276,ywe5
7277,4fce
7278,bp38
7279,m64d
7280,w3cm
7281,b8bp
7282,pnd6
7283,f73b
7284,d8pf
7285,5mnm
7286,m5x6
7287,8fpf
7288,7x74
7289,7dxn
7290,27ba
7291,gb2f
7292,a4gd
7293,74x2
7294,57ex
7295,gbw6
7296,bm24
7297,5p2w
7298,4g74
7299,4c7g
7300,xaga
7301,ncb3
7302,5b4n
7303,6fee
7304,yxwn
7305,y68c
7306,fx74
7307,mbm2
7308,2gaf
7309,wmnc
7310,fden
7311,xb3a
7312,f25a
7313,6f7a
7314,eefy
7315,654p
7316,a4md
7317,3bey
7318,nnaa
7319,4c6m
7320,x78n
7321,5p5c
7322,mdwy
7323,77wm
7324,xapb
7325,ag6a
7326,ebm4
7327,a467
7328,d835
7329,4cb7
7330,3m3c
7331,p854
7332,3gc4
7333,g3a2
7334,d73g
7335,5acc
7336,2x5f
7337,a38e
7338,8axd
7339,6fma
7340,p7w3
7341,5b2a
7342,c3yd
7343,camm
7344,3p7x
7345,8f3w
7346,n4e3
7347,8p5w
7348,nym8
7349,xx3e
7350,3ed6
7351,dx8f
7352,ayx6
7353,gd2a
7354,nag2
7355,2fb4
7356,wepn
7357,pmmd
7358,g63f
7359,wgmm
7360,62e5
7361,m4ad
7362,e775
7363,a6c2
7364,cb83
7365,5mb4
7366,6gmb
7367,n63a
7368,w6p5
7369,w55n
7370,ywdg
7371,cmdw
7372,n7wf
7373,67ww
7374,473x
7375,y5ca
7376,d7pe
7377,5pmn
7378,n4e2
7379,yd2e
7380,b32d
7381,xde4
7382,78fy
7383,a7my
7384,3a26
7385,cbw3
7386,522b
7387,b2wg
7388,wm87
7389,bcnn
7390,f866
7391,28g6
7392,nymx
7393,ddm8
7394,n727
7395,wanp
7396,f82w
7397,8gwc
7398,2dd6
7399,5w3y
7400,m7bc
7401,w8py
7402,wxfa
7403,dw2m
7404,7e62
7405,e854
7406,3pgb
7407,wf4w
7408,b33d
7409,34fa
7410,f6c4
7411,cnex
7412,4fd5
7413,4n2c
7414,m8bp
7415,325b
7416,my4m
7417,2c48
7418,8ywa
7419,be5f
7420,cn34
7421,5bfd
7422,n4ya
7423,dmy5
7424,myg5
7425,pb2c
7426,2448
7427,nn5p
7428,4cnw
7429,26wa
7430,ny2f
7431,xdyc
7432,33wc
7433,8d5a
7434,d7ga
7435,7pap
7436,32p5
7437,xgwm
7438,dg8c
7439,cbcb
7440,5mp6
7441,n42g
7442,b5gn
7443,g783
7444,f57c
7445,payb
7446,pxm3
7447,6acn
7448,7x2w
7449,6m7f
7450,m4ap
7451,e3pp
7452,we6x
7453,yb43
7454,y556
7455,dda4
7456,2gcg
7457,np6f
7458,62dn
7459,n3y5
7460,f6pd
7461,mdbe
7462,xfc3
7463,48xx
7464,xadf
7465,yxy3
7466,dx4d
7467,yx7m
7468,654x
7469,e6bm
7470,x7bp
7471,c2gg
7472,87yg
7473,p4n7
7474,d47g
7475,a3m7
7476,7738
7477,d8ec
7478,g7wp
7479,mamp
7480,4nec
7481,p83y
7482,d3md
7483,nc2g
7484,db23
7485,52a8
7486,2xd7
7487,wyy4
7488,p46p
7489,yfeg
7490,p6f8
7491,8m7d
7492,yawy
7493,bfwy
7494,7e4f
7495,p75p
7496,a38c
7497,ndbx
7498,b4cd
7499,7axy
7500,8ee8
7501,yg4w
7502,4pxg
7503,ec4m
7504,f73p
7505,gn2x
7506,7p7y
7507,ypb4
7508,g84x
7509,2fbn
7510,c7n6
7511,w75m
7512,afmd
7513,8egc
7514,6pgw
7515,8b4d
7516,n6p3
7517,3amb
7518,pdn2
7519,cwgd
7520,5eww
7521,p2dn
7522,2m3a
7523,b558
7524,d38n
7525,5p3f
7526,ad37
7527,5w8b
7528,epp5
7529,y54e
7530,3675
7531,e6pw
7532,2wme
7533,g5eb
7534,c2xy
7535,bp7f
7536,x2ma
7537,ndee
7538,5y34
7539,b3ae
7540,b788
7541,nax2
7542,c4ng
7543,34nc
7544,7w6m
7545,mmeg
7546,2ax3
7547,pga5
7548,cceg
7549,exga
7550,mxca
7551,4np2
7552,dcwx
7553,ndwp
7554,6cx4
7555,y2b5
7556,yx32
7557,7ad8
7558,dgbm
7559,m5fc
7560,dgff
7561,xp7n
7562,f46f
7563,my8m
7564,x86a
7565,ffbd
7566,bpy6
7567,pw6m
7568,fde2
7569,4w7n
7570,75f6
7571,eapc
7572,4n38
7573,xa2n
7574,w6nd
7575,cddf
7576,77n4
7577,xxa4
7578,b6wc
7579,mx42
7580,7wn4
7581,e488
7582,xwfe
7583,nefm
7584,443c
7585,fafp
7586,7d5x
7587,b8cf
7588,2ea4
7589,w3de
7590,e828
7591,mbpx
7592,3e5a
7593,75gg
7594,4dw3
7595,p4cb
7596,cb3e
7597,xxpm
7598,5cmd
7599,wncw
7600,wg8f
7601,wcmy
7602,c5e8
7603,mfdg
7604,m76b
7605,d777
7606,gbgd
7607,x8na
7608,mea6
7609,55cc
7610,5f4d
7611,8cn5
7612,3552
7613,2fpp
7614,7gnf
7615,b67d
7616,86a7
7617,76yw
7618,bw2c
7619,mna3
7620,gb45
7621,ya8p
7622,7dpp
7623,gw2e
7624,45mg
7625,mpde
7626,f6ee
7627,bdcf
7628,mam4
7629,nmcd
7630,77p8
7631,dwye
7632,pypy
7633,nd7g
7634,42e5
7635,2awb
7636,7d3w
7637,6368
7638,b6bn
7639,5bdw
7640,c6g8
7641,bgyp
7642,gya2
7643,58bx
7644,76my
7645,gyfb
7646,gdbe
7647,gagm
7648,yyb7
7649,66yd
7650,8cam
7651,756c
7652,a47m
7653,wcn3
7654,5fw2
7655,pw47
7656,nd48
7657,nbgp
7658,d74d
7659,nx6f
7660,n8n4
7661,2888
7662,m8w5
7663,285x
7664,fwbg
7665,6a23
7666,38f7
7667,ff4c
7668,wynf
7669,aw7c
7670,ag5c
7671,mdfd
7672,ac53
7673,5ggb
7674,6ddg
7675,pd5x
7676,87db
7677,wxpf
7678,e4bw
7679,ax4a
7680,2xgn
7681,2dpm
7682,2dwn
7683,mwbc
7684,5wda
7685,xgp5
7686,g8d5
7687,3pxg
7688,87ad
7689,x235
7690,x625
7691,55g3
7692,y85p
7693,e5p5
7694,8dd4
7695,ppcx
7696,g8wy
7697,n37x
7698,62df
7699,gnx4
7700,wfme
7701,bncn
7702,x625
7703,f7np
7704,ay5w
7705,g7p8
7706,pxac
7707,3n3f
7708,bfc6
7709,43yw
7710,27n4
7711,dfem
7712,5awc
7713,cxcx
7714,eydd
7715,5nfd
7716,gm78
7717,6cba
7718,cw4w
7719,fefd
7720,bmdd
7721,gx2p
7722,m76a
7723,ebcx
7724,ywcd
7725,ma67
7726,cg37
7727,6772
7728,w8pe
7729,2268
7730,7m42
7731,n4a8
7732,4wp7
7733,ggwm
7734,n6gp
7735,6637
7736,4585
7737,5gba
7738,2mpp
7739,f53b
7740,8a2f
7741,fapb
7742,322b
7743,52yg
7744,g8da
7745,dx67
7746,5cpn
7747,npby
7748,8eaf
7749,2ff5
7750,yec5
7751,amn2
7752,e5e4
7753,anag
7754,g4wa
7755,7d64
7756,wfce
7757,cd5n
7758,dwxc
7759,new5
7760,4wp7
7761,5gmb
7762,e8c4
7763,bc42
7764,p25y
7765,4ya6
7766,x2b3
7767,e56b
7768,affx
7769,fm33
7770,g456
7771,gywy
7772,n6y3
7773,ccgb
7774,xy28
7775,nd66
7776,xwfy
7777,me37
7778,pp8a
7779,mnx7
7780,w5m7
7781,7nb7
7782,6b3e
7783,3nxf
7784,d7gc
7785,ywa3
7786,y53d
7787,8xya
7788,xe7g
7789,p3b3
7790,ggm8
7791,g4ya
7792,axg6
7793,3ydx
7794,cg6f
7795,mnw5
7796,75w3
7797,4xn2
7798,bcac
7799,n5md
7800,7b63
7801,5cgx
7802,6pn2
7803,p373
7804,w5md
7805,w8w7
7806,x7fe
7807,apgf
7808,dpby
7809,c4ep
7810,ean6
7811,x8nw
7812,3dy2
7813,x5m5
7814,egby
7815,538d
7816,8f7e
7817,8ma2
7818,cf73
7819,g4dm
7820,6f8b
7821,db5a
7822,enwp
7823,48ec
7824,ce84
7825,63dm
7826,nbn6
7827,d76f
7828,xp3c
7829,gamp
7830,5fgf
7831,8g2g
7832,62y4
7833,ddda
7834,f54c
7835,p7yp
7836,32g5
7837,fg5a
7838,5yac
7839,m7xb
7840,g2cf
7841,7a4n
7842,pfgc
7843,6fdp
7844,45g2
7845,fnpm
7846,y4c5
7847,gbdn
7848,fgdc
7849,g8cp
7850,awyw
7851,6eep
7852,2yy4
7853,fxan
7854,cw8f
7855,n28n
7856,e5ea
7857,p6ww
7858,25g2
7859,yg2e
7860,d8xa
7861,cb77
7862,e8mn
7863,228w
7864,44fa
7865,7bx3
7866,f2np
7867,746c
7868,f675
7869,x5pc
7870,4mpx
7871,xc4y
7872,76ga
7873,cpe3
7874,cbw6
7875,apaw
7876,7fdx
7877,ea47
7878,c784
7879,6dec
7880,g2g2
7881,dxax
7882,b3b2
7883,77af
7884,d88p
7885,7gad
7886,agpy
7887,gcww
7888,g82m
7889,662e
7890,wa3p
7891,d4mc
7892,4p3w
7893,xe4c
7894,45pm
7895,y34m
7896,ywgp
7897,yf5b
7898,d56a
7899,7pf6
7900,xe3b
7901,fywp
7902,pmg8
7903,8gxd
7904,m7yg
7905,d4yw
7906,7ne8
7907,y37m
7908,f867
7909,m6wp
7910,4n85
7911,xnbf
7912,g56c
7913,b578
7914,d5g3
7915,a3nc
7916,5f47
7917,am3c
7918,6ga2
7919,c6x6
7920,dbe8
7921,m7wf
7922,gedy
7923,y4x4
7924,56en
7925,wm7b
7926,f6x7
7927,mxp8
7928,8xgc
7929,edxm
7930,eby7
7931,3373
7932,2xnb
7933,da4e
7934,mc32
7935,d2ep
7936,2cec
7937,edap
7938,pgga
7939,cby7
7940,c5a7
7941,xay5
7942,dg64
7943,peg2
7944,75p3
7945,6g43
7946,dmg6
7947,xgyg
7948,pgex
7949,5gwf
7950,agfx
7951,ceeb
7952,b283
7953,4c67
7954,gcw2
7955,d6b5
7956,xffc
7957,6dp7
7958,25g8
7959,3b6n
7960,bfp7
7961,56gw
7962,bf6p
7963,6dap
7964,py3m
7965,7px8
7966,cdpm
7967,2cnc
7968,8ab7
7969,aa8x
7970,nb83
7971,e7m3
7972,bpfg
7973,7xpy
7974,ec3b
7975,y438
7976,xbwm
7977,edyy
7978,na56
7979,5g48
7980,y4dd
7981,6mad
7982,ef7a
7983,6nf8
7984,mnf8
7985,wem5
7986,xc7b
7987,d6m3
7988,ypnc
7989,57yf
7990,byf3
7991,77g3
7992,x322
7993,bbfa
7994,d3xx
7995,n2yp
7996,2dc3
7997,2a23
7998,cbdg
7999,mmbn
8000,a2cp
8001,wg87
8002,52mg
8003,bcwc
8004,mn34
8005,ynyy
8006,78ac
8007,gnbd
8008,8ce2
8009,ygfg
8010,edny
8011,nbcy
8012,5bxp
8013,agyc
8014,f6xw
8015,w4e3
8016,ncnn
8017,gbmy
8018,7mxa
8019,2fcm
8020,f5yd
8021,x7g5
8022,nc25
8023,mc6m
8024,f6b4
8025,wd2b
8026,6gp8
8027,mwgc
8028,gmcw
8029,nae8
8030,4ym3
8031,pbcp
8032,gyc3
8033,ccxx
8034,wexx
8035,b5x6
8036,8np7
8037,3w3y
8038,44pf
8039,73bm
8040,cypy
8041,eec3
8042,8wmy
8043,ccac
8044,667e
8045,dxca
8046,cyfn
8047,4dm4
8048,fwyf
8049,g3ad
8050,ab34
8051,74ex
8052,fed7
8053,7nee
8054,pe2x
8055,bddy
8056,g32f
8057,bddg
8058,m2xa
8059,g3n6
8060,64np
8061,6cc8
8062,b6n2
8063,cd6n
8064,ndga
8065,eeag
8066,xwpf
8067,f465
8068,a7ac
8069,b4nn
8070,gcew
8071,md76
8072,en33
8073,476e
8074,6mm2
8075,p6yf
8076,c2nc
8077,2p2c
8078,8n33
8079,6mwg
8080,xbpn
8081,d6yd
8082,dw35
8083,5pe7
8084,426m
8085,5fwe
8086,7nbx
8087,276a
8088,n8b5
8089,cpgc
8090,43pp
8091,a33g
8092,ee5m
8093,ny6g
8094,m583
8095,n3ey
8096,54y8
8097,ff8f
8098,cmga
8099,ee8n
8100,2b6d
8101,3c5a
8102,wxcp
8103,654g
8104,gpgg
8105,fynd
8106,3fmc
8107,cn8d
8108,mx24
8109,8pwd
8110,347e
8111,mb85
8112,abnb
8113,nmy7
8114,m3pe
8115,egpb
8116,yc26
8117,3854
8118,68pd
8119,4g57
8120,7nmb
8121,n2p3
8122,e3ac
8123,epd5
8124,adc7
8125,5ny4
8126,de6f
8127,a4c6
8128,pf56
8129,wd86
8130,5bgw
8131,wnfy
8132,ypag
8133,f7pp
8134,b783
8135,bamb
8136,y87d
8137,w4n5
8138,26bx
8139,4bng
8140,ccby
8141,733p
8142,f4dx
8143,apb2
8144,d375
8145,pnya
8146,cfm2
8147,y34n
8148,a63y
8149,bbwy
8150,bfx3
8151,xx55
8152,a55m
8153,ypgc
8154,2axe
8155,7c2y
8156,eycd
8157,x86a
8158,m4f6
8159,f3f2
8160,p3yw
8161,6mda
8162,gxww
8163,we6a
8164,w76b
8165,5b5a
8166,madb
8167,xfbd
8168,gbe6
8169,wn5d
8170,xc8d
8171,55mc
8172,em55
8173,nwax
8174,n45g
8175,fcyf
8176,6pa8
8177,nya2
8178,bwnb
8179,g4m7
8180,db62
8181,wb4n
8182,apef
8183,e37a
8184,685p
8185,cpeg
8186,8f74
8187,pb5e
8188,nagg
8189,57c5
8190,6f6a
8191,bgdc
8192,gndx
8193,pfyw
8194,ex7m
8195,3mwx
8196,3afd
8197,gne4
8198,fgn4
8199,ee2p
8200,ng5b
8201,eppb
8202,x2ed
8203,f2n4
8204,b5b2
8205,2gye
8206,gf8y
8207,fafp
8208,5wxb
8209,pcm4
8210,xcaa
8211,fgea
8212,bbm2
8213,2my4
8214,apyp
8215,fy88
8216,nn28
8217,fggb
8218,g732
8219,cw6x
8220,xdpd
8221,xx54
8222,c523
8223,x26e
8224,nc36
8225,pcd6
8226,n5p6
8227,4gnn
8228,6xcx
8229,gcya
8230,cpyy
8231,n668
8232,n6yc
8233,6a45
8234,8fwa
8235,4nnx
8236,awg3
8237,d436
8238,b6y2
8239,4wwx
8240,b322
8241,a65p
8242,mp8d
8243,3d6p
8244,ywg7
8245,7a23
8246,mpaw
8247,yna8
8248,agyx
8249,nm45
8250,m3nb
8251,dxb5
8252,37c6
8253,dpy3
8254,g276
8255,4gw5
8256,c435
8257,p6pc
8258,d6cc
8259,m43c
8260,m2fn
8261,mnpe
8262,xf8e
8263,m4dn
8264,gefw
8265,my44
8266,me6y
8267,wwxb
8268,w8fe
8269,85bb
8270,48bx
8271,nc8x
8272,b548
8273,exn2
8274,gybe
8275,4m2f
8276,p6ya
8277,mg84
8278,2wwp
8279,2fxp
8280,887n
8281,ea27
8282,ee7b
8283,d7pp
8284,3457
8285,c635
8286,5223
8287,37my
8288,4cwm
8289,7cb7
8290,e3g4
8291,efe4
8292,b4ad
8293,bn8d
8294,wdca
8295,aac4
8296,4p43
8297,p3af
8298,ag2a
8299,mx34
8300,7dam
8301,dapf
8302,y7p3
8303,3cw6
8304,7842
8305,6xax
8306,ff24
8307,xgpm
8308,74gy
8309,6n7x
8310,efp2
8311,d7f6
8312,mycg
8313,gnwd
8314,7ef6
8315,387e
8316,54cx
8317,b44n
8318,4nxm
8319,dfw4
8320,a527
8321,mcyg
8322,m7nc
8323,42cm
8324,66ec
8325,23xg
8326,dn2m
8327,pe8n
8328,g8ca
8329,adfx
8330,2ywb
8331,dxga
8332,b7f7
8333,563y
8334,5g2w
8335,55d3
8336,6bac
8337,bm88
8338,8mna
8339,2385
8340,pxxd
8341,cg5f
8342,nag3
8343,bedn
8344,88y4
8345,5a56
8346,xda7
8347,emg7
8348,682a
8349,8acw
8350,2xwm
8351,a3dd
8352,2nmb
8353,wn57
8354,354d
8355,daed
8356,a4b3
8357,x4ga
8358,8fxy
8359,85f6
8360,8mwb
8361,58m4
8362,g6pe
8363,f2y8
8364,f52x
8365,w2p8
8366,7cp2
8367,83xc
8368,emgy
8369,f8g5
8370,y67p
8371,g8ng
8372,5aw2
8373,m8xb
8374,2m4x
8375,a2pf
8376,y4nn
8377,bcd8
8378,85xa
8379,afm7
8380,xbdg
8381,d675
8382,xn78
8383,x7fm
8384,awwa
8385,mnme
8386,gdp2
8387,7ben
8388,463e
8389,4w65
8390,g44f
8391,pdma
8392,peaw
8393,646w
8394,2b75
8395,cx3f
8396,848x
8397,fbfg
8398,wf28
8399,5e38
8400,7dxc
8401,dwm3
8402,6new
8403,4mya
8404,yab3
8405,e46x
8406,ne4p
8407,cxd8
8408,bgpy
8409,5xmb
8410,yxmf
8411,y622
8412,dd5p
8413,7ndn
8414,64yd
8415,c3gc
8416,ff83
8417,gp3a
8418,cd2a
8419,48gx
8420,edw8
8421,weyp
8422,b7m3
8423,wgcy
8424,g35g
8425,cwfg
8426,axp3
8427,myab
8428,547a
8429,p8bg
8430,cnp5
8431,x487
8432,7338
8433,wmdm
8434,npe6
8435,yp25
8436,4c3x
8437,5e7w
8438,8ayw
8439,mddg
8440,npxe
8441,d7f3
8442,ewng
8443,2feg
8444,m5g7
8445,5x7f
8446,7gfp
8447,78ec
8448,ap25
8449,xd7p
8450,nm6p
8451,676m
8452,ngw8
8453,3446
8454,36x6
8455,pwca
8456,7fd6
8457,2xa8
8458,52fe
8459,c6aw
8460,5fyx
8461,2w8p
8462,ad5d
8463,axcg
8464,gnnp
8465,p37d
8466,cm4x
8467,nw8x
8468,36f2
8469,mc72
8470,gam3
8471,wf4d
8472,6f75
8473,m6n2
8474,eew7
8475,7c76
8476,yae4
8477,p88y
8478,5cba
8479,bm4x
8480,ndeb
8481,5p7f
8482,n4yf
8483,w2n2
8484,egpg
8485,y4yx
8486,g7f6
8487,2mfx
8488,ge32
8489,g83b
8490,eyxe
8491,dydf
8492,y62d
8493,c6yy
8494,2337
8495,6cwp
8496,aadc
8497,yxdp
8498,y4db
8499,dfwd
8500,xn88
8501,e4ba
8502,6dmb
8503,mp45
8504,b35b
8505,cb27
8506,8n78
8507,xncn
8508,2nn5
8509,b7b6
8510,3mcp
8511,78m5
8512,pfep
8513,3cp4
8514,me5w
8515,pay4
8516,wegd
8517,g7f6
8518,fgdf
8519,ey2e
8520,dyxn
8521,mymp
8522,nxf4
8523,amye
8524,ymxp
8525,w78e
8526,cee5
8527,pnmd
8528,m4m4
8529,564c
8530,2a2a
8531,d86a
8532,w8pm
8533,n5pc
8534,x85f
8535,3c2d
8536,3nfm
8537,wfgg
8538,yy8b
8539,75ge
8540,6gpf
8541,mwxb
8542,7w6y
8543,ex7f
8544,a2mw
8545,xf86
8546,wywc
8547,8bnp
8548,5fc5
8549,3cdb
8550,fmdb
8551,wm56
8552,edeg
8553,ggax
8554,22ax
8555,686e
8556,5cwp
8557,mcac
8558,gbex
8559,g3wy
8560,g6pp
8561,55dd
8562,8dyf
8563,a536
8564,gnmc
8565,775g
8566,7345
8567,myy5
8568,ng62
8569,pp23
8570,3mna
8571,3wey
8572,4cgy
8573,3g54
8574,an8e
8575,5b7c
8576,ea54
8577,3bx8
8578,wf87
8579,nemg
8580,3c2f
8581,yg66
8582,2w5x
8583,4pw6
8584,28g5
8585,pxx6
8586,3e27
8587,c875
8588,am77
8589,7b7g
8590,ydg3
8591,7a3d
8592,pfnm
8593,nbg6
8594,7cmm
8595,mw4x
8596,gpw4
8597,867p
8598,bby3
8599,dy88
8600,wa68
8601,abex
8602,pn7c
8603,wynx
8604,bxc8
8605,bmxa
8606,m5e8
8607,77yw
8608,3gee
8609,cxmn
8610,byw4
8611,pym8
8612,m34f
8613,pm5w
8614,4g28
8615,6d47
8616,2p7b
8617,n7y7
8618,cedx
8619,n258
8620,nm8x
8621,xycb
8622,26df
8623,dmx3
8624,8pyd
8625,684x
8626,gcd4
8627,62c7
8628,m4mx
8629,y88n
8630,xpwd
8631,2gwp
8632,x7ap
8633,3c6x
8634,ww66
8635,4nn5
8636,6pac
8637,6fn3
8638,bfx2
8639,png7
8640,b5p4
8641,3pdx
8642,acb2
8643,8gm3
8644,b22f
8645,m87a
8646,238n
8647,bn8b
8648,ndpy
8649,dmef
8650,fyfx
8651,gwbe
8652,mn4p
8653,4aa6
8654,5x74
8655,a3my
8656,c8ef
8657,d6yw
8658,wg4g
8659,fnam
8660,e4gy
8661,b85p
8662,ygff
8663,fye7
8664,mnb8
8665,cxfp
8666,733g
8667,ww3g
8668,g24m
8669,2g4e
8670,6cam
8671,n3nx
8672,523a
8673,2fmw
8674,fbyf
8675,a23e
8676,feya
8677,6dmp
8678,cbn2
8679,yeb7
8680,eegn
8681,xyed
8682,ewd4
8683,5pxw
8684,yew6
8685,n6f7
8686,478e
8687,ge5x
8688,p37g
8689,332p
8690,5gxw
8691,d4ay
8692,yeca
8693,ya6e
8694,m4cb
8695,2gx4
8696,ax8x
8697,3f5a
8698,42c6
8699,5xxb
8700,3xg5
8701,63p8
8702,bwaa
8703,257a
8704,epdp
8705,w85n
8706,fybm
8707,57gw
8708,wcan
8709,xeae
8710,nm6y
8711,2e87
8712,336d
8713,cy8b
8714,5y22
8715,65fp
8716,3m2m
8717,amwd
8718,bdeg
8719,bfab
8720,w2we
8721,mace
8722,25ag
8723,43gf
8724,22bc
8725,2ycm
8726,733x
8727,6m2w
8728,wyfy
8729,637m
8730,m4me
8731,68gw
8732,mnxe
8733,p54c
8734,n8w7
8735,pcp6
8736,f65n
8737,eb68
8738,5a8e
8739,b65f
8740,ex46
8741,cddb
8742,ma5f
8743,6c52
8744,c7ga
8745,ge3w
8746,wfw2
8747,8b84
8748,3be2
8749,cm7c
8750,n22y
8751,edxw
8752,bpmy
8753,c53p
8754,gff3
8755,e8ne
8756,w8ew
8757,xdn6
8758,ywf5
8759,5axw
8760,28am
8761,3afx
8762,68ge
8763,wp5m
8764,26nc
8765,gpyn
8766,ypx6
8767,6723
8768,epyx
8769,eama
8770,pax3
8771,ycg2
8772,n46g
8773,yyw2
8774,nmpd
8775,2b3d
8776,n8na
8777,pxf7
8778,4ga3
8779,df63
8780,n6f4
8781,eafw
8782,aye3
8783,y5by
8784,cdg4
8785,67ge
8786,nyxd
8787,g75g
8788,883a
8789,74m7
8790,gdwx
8791,bapp
8792,enf6
8793,w8nm
8794,3n86
8795,nyw8
8796,4fg8
8797,gxgw
8798,eww4
8799,62fp
8800,3gmn
8801,n8w3
8802,234e
8803,6fdd
8804,cyef
8805,3fdy
8806,2pw2
8807,g72x
8808,c2d8
8809,ya82
8810,667a
8811,dpwf
8812,mnc5
8813,ecb2
8814,5be6
8815,4x8x
8816,aeby
8817,48m7
8818,6242
8819,xaa5
8820,37mm
8821,5587
8822,e56c
8823,85ga
8824,34ab
8825,daeg
8826,wae5
8827,dnae
8828,pfx8
8829,gga2
8830,4a2m
8831,3gb8
8832,we4w
8833,b2ew
8834,6mwx
8835,b676
8836,x6a2
8837,xmy3
8838,8y27
8839,wcge
8840,f6y7
8841,27xe
8842,mw3g
8843,aew7
8844,w8mb
8845,44a7
8846,bb72
8847,e3cn
8848,585x
8849,xmdm
8850,d4m2
8851,664y
8852,dm5c
8853,gyfd
8854,8727
8855,7m4w
8856,7nyx
8857,4574
8858,cd5g
8859,b88e
8860,7yee
8861,p5xd
8862,cb8d
8863,6c5p
8864,ec7g
8865,5g7w
8866,73nn
8867,fe57
8868,ynm8
8869,b5m3
8870,mb3m
8871,e65n
8872,wfdm
8873,xnb8
8874,6484
8875,fn7f
8876,pxxf
8877,4egb
8878,7bmp
8879,84nc
8880,f6c6
8881,n4fn
8882,5bnw
8883,6gxe
8884,dffp
8885,n5bd
8886,nmae
8887,ndep
8888,ndbg
8889,fy64
8890,4xmy
8891,7y74
8892,da7m
8893,b7g7
8894,42my
8895,c7am
8896,8dwm
8897,gfgx
8898,8277
8899,pd26
8900,wcap
8901,fyan
8902,ce5y
8903,dcw5
8904,xgpd
8905,bf4a
8906,8cfn
8907,xdp7
8908,b435
8909,4me8
8910,p824
8911,3m5a
8912,8pp4
8913,nxbf
8914,2mp7
8915,3bp6
8916,cceb
8917,a5cb
8918,3a6e
8919,4bem
8920,ycww
8921,a6m2
8922,cy7n
8923,gd6m
8924,22yc
8925,6n64
8926,7agb
8927,bcay
8928,fb7p
8929,aemg
8930,876d
8931,f4xx
8932,5x62
8933,7fnp
8934,mpwm
8935,f3eb
8936,xngb
8937,4dym
8938,4mm4
8939,w3w4
8940,mgbe
8941,xww7
8942,em6e
8943,8287
8944,f587
8945,w638
8946,f5yb
8947,cbp5
8948,b838
8949,m7xe
8950,am7e
8951,47dn
8952,b65g
8953,8353
8954,c2xf
8955,ncdw
8956,e8y8
8957,7ayx
8958,8b7n
8959,3agd
8960,edeg
8961,py46
8962,dee3
8963,bx86
8964,3g46
8965,2w86
8966,3c55
8967,w6b4
8968,by2m
8969,dmnf
8970,wcdx
8971,nngy
8972,p6gw
8973,5ccp
8974,fxy5
8975,67py
8976,na5n
8977,m5yp
8978,4a28
8979,f5w4
8980,3xab
8981,bn66
8982,f4c5
8983,gd4d
8984,axfw
8985,yybf
8986,e4gy
8987,35g7
8988,4eyn
8989,d4n7
8990,x8ma
8991,y8x8
8992,fw82
8993,pd53
8994,wayd
8995,acxe
8996,wxxn
8997,cfeg
8998,y2dd
8999,55f8
9000,4d8m
9001,mca8
9002,58ed
9003,65a8
9004,5g8p
9005,xp68
9006,x3mg
9007,xc3a
9008,5fd8
9009,c52c
9010,f52m
9011,fc75
9012,dd3d
9013,ebxg
9014,yamy
9015,3p67
9016,fyb8
9017,e8ad
9018,cfyd
9019,yc35
9020,7ag2
9021,nw3d
9022,aa82
9023,ppxa
9024,3xcy
9025,mexa
9026,b3mb
9027,dfw2
9028,54p7
9029,72nf
9030,mw7n
9031,wye4
9032,c254
9033,6gnx
9034,6yx8
9035,d22d
9036,ax3c
9037,ecmf
9038,37y3
9039,e883
9040,x55x
9041,pp38
9042,g5x6
9043,my33
9044,m7c7
9045,5xcp
9046,w2e8
9047,w357
9048,fg2w
9049,eay4
9050,3d2w
9051,ygap
9052,d44m
9053,fc8g
9054,p8xd
9055,456g
9056,ngw6
9057,36e8
9058,7w5c
9059,4fdd
9060,cx6w
9061,3y26
9062,52cd
9063,fb6y
9064,8xwm
9065,3642
9066,6p5w
9067,eend
9068,edn5
9069,7d5f
9070,3cx3
9071,825m
9072,7xwy
9073,mgp3
9074,b4ab
9075,ef32
9076,fmc2
9077,cgxp
9078,pw5a
9079,ga52
9080,4c76
9081,4xyg
9082,254y
9083,mpdw
9084,bn75
9085,aw5b
9086,3pgw
9087,ecag
9088,amnc
9089,gy3p
9090,ee8p
9091,44eg
9092,37dn
9093,gbm3
9094,mdbm
9095,83d6
9096,fgw8
9097,yc6m
9098,apc7
9099,5bby
9100,dpw2
9101,p6wd
9102,nw5d
9103,6m5a
9104,dm73
9105,bfxy
9106,4a3g
9107,2365
9108,pbe6
9109,7bfc
9110,w5p8
9111,mdnb
9112,m788
9113,fdy5
9114,c4w8
9115,my2x
9116,3f46
9117,7y3c
9118,n7mp
9119,g2wx
9120,6dwc
9121,yfd2
9122,56d7
9123,n64y
9124,2bd6
9125,d5nd
9126,4x57
9127,pgcb
9128,n6xg
9129,yw7g
9130,dewy
9131,cgax
9132,pncd
9133,g6ac
9134,26cm
9135,5cb5
9136,xf8e
9137,m45y
9138,f5yn
9139,d3n6
9140,mxx5
9141,ya2g
9142,5888
9143,n5a4
9144,2ppc
9145,ddyc
9146,ecap
9147,pd3b
9148,fpw5
9149,amcw
9150,2n8d
9151,g8ap
9152,w45g
9153,a8b8
9154,4a47
9155,wx33
9156,7dwe
9157,abee
9158,fb4d
9159,3bcw
9160,4xmw
9161,357c
9162,wwcd
9163,6wpw
9164,m3fc
9165,wffa
9166,352m
9167,fyae
9168,y3gd
9169,w428
9170,d373
9171,wfmg
9172,7cx3
9173,eeyw
9174,aw3a
9175,36we
9176,2dn4
9177,xn28
9178,5x8e
9179,64gw
9180,2x82
9181,237x
9182,3mn5
9183,355y
9184,e27a
9185,32bx
9186,a3bd
9187,f5wf
9188,pxap
9189,xb2g
9190,4mff
9191,22xx
9192,wamd
9193,74bb
9194,n2fd
9195,6p3c
9196,fn72
9197,yypn
9198,46pm
9199,gfcy
9200,33n4
9201,magy
9202,c8f7
9203,ywaa
9204,3cxd
9205,ba8m
9206,bn5y
9207,angn
9208,748y
9209,wf5b
9210,337c
9211,4fdp
9212,ed5m
9213,ynpd
9214,5pym
9215,axm5
9216,gdb8
9217,3748
9218,nc7w
9219,d2m6
9220,gb5b
9221,xf3m
9222,g7fy
9223,c725
9224,gyfw
9225,6bbf
9226,eeww
9227,5wpm
9228,a782
9229,npfa
9230,6ngg
9231,33n5
9232,x4ec
9233,7cpy
9234,eap8
9235,pwf5
9236,mepf
9237,655f
9238,3ff3
9239,68ea
9240,xbya
9241,mc42
9242,dxxm
9243,n7ew
9244,gmg5
9245,axxn
9246,yxen
9247,3cxx
9248,4pwe
9249,7bdc
9250,f6n7
9251,bd26
9252,cgwe
9253,m5gm
9254,22yb
9255,dccd
9256,5f8d
9257,fpw2
9258,fpg6
9259,g227
9260,ambd
9261,6ccm
9262,p3ye
9263,a28p
9264,mg82
9265,mg44
9266,b25p
9267,64cg
9268,x7c7
9269,g2nn
9270,gy3d
9271,e784
9272,7e52
9273,3246
9274,gyyd
9275,pmd5
9276,g3m3
9277,738e
9278,efw2
9279,edg4
9280,x7pa
9281,dpx3
9282,58pb
9283,fgd2
9284,fcde
9285,6bc3
9286,bnxf
9287,58bg
9288,pg24
9289,5gmm
9290,47w7
9291,bdgn
9292,4neg
9293,m5ma
9294,mb74
9295,d4d5
9296,5na6
9297,gw5w
9298,258d
9299,38ac
9300,5ec8
9301,a6m2
9302,72f7
9303,e4xf
9304,55yn
9305,6p5e
9306,cpx8
9307,b4mf
9308,68m2
9309,xfdd
9310,xbme
9311,apwc
9312,4ee5
9313,xnax
9314,pcpd
9315,6dx7
9316,n6m4
9317,nnb7
9318,xmcb
9319,eanp
9320,x8p7
9321,5588
9322,27mb
9323,8yxe
9324,pb7d
9325,wd6g
9326,cmeg
9327,dnwf
9328,fe78
9329,nnp5
9330,n88m
9331,p67g
9332,xyfp
9333,5awy
9334,x88n
9335,pcdy
9336,fagx
9337,pgd4
9338,2222
9339,f3f6
9340,d65f
9341,5cxf
9342,n452
9343,n545
9344,2678
9345,xgdb
9346,mg8c
9347,yn26
9348,5gf4
9349,cgmm
9350,5fm2
9351,naff
9352,2pn3
9353,wy5c
9354,y6dy
9355,eeny
9356,a8bp
9357,xdmp
9358,nwbd
9359,dwpg
9360,gy6d
9361,7n5c
9362,awg2
9363,3y4x
9364,awyn
9365,4cbm
9366,66yf
9367,7fwe
9368,pe4e
9369,8e7c
9370,e233
9371,2fm5
9372,w6de
9373,22be
9374,fyby
9375,ecm5
9376,4x4p
9377,dagx
9378,a4ya
9379,m8pc
9380,d7gd
9381,5c3p
9382,abea
9383,6f43
9384,b83x
9385,b4nb
9386,84w5
9387,wgw5
9388,7fgd
9389,233m
9390,565a
9391,a44f
9392,4f63
9393,4x2a
9394,8452
9395,ce6y
9396,mwnn
9397,pbyc
9398,8mgp
9399,6fmm
9400,dnd5
9401,6bef
9402,wfw3
9403,mw6w
9404,xxgn
9405,y8pd
9406,44ca
9407,dpae
9408,p8f7
9409,yndg
9410,e2f4
9411,dg4x
9412,npbx
9413,385f
9414,7g6w
9415,mapx
9416,fxxf
9417,pf2b
9418,px8m
9419,544f
9420,b427
9421,4axg
9422,7wxb
9423,cd23
9424,x27f
9425,w547
9426,xcwg
9427,5epe
9428,f2yw
9429,bgwa
9430,44y8
9431,77pb
9432,28e3
9433,g5gx
9434,faw2
9435,xmc7
9436,f5f6
9437,w67f
9438,542a
9439,726d
9440,yc5x
9441,e33f
9442,2wa7
9443,pp8b
9444,5wff
9445,g3ag
9446,n2y4
9447,yy5y
9448,g6ab
9449,dgme
9450,8bwa
9451,cpdy
9452,m828
9453,n4wa
9454,5wbp
9455,74ex
9456,madg
9457,6422
9458,xm52
9459,8xnx
9460,3dmp
9461,cnew
9462,46gb
9463,5ycm
9464,ygpp
9465,yf25
9466,ydfx
9467,gfb5
9468,ff4n
9469,68xe
9470,8pfm
9471,ndb4
9472,yy73
9473,pbw8
9474,6gx6
9475,w4yd
9476,p842
9477,w8gn
9478,4byg
9479,e7n4
9480,d3n3
9481,536c
9482,5f55
9483,8w6d
9484,4ecx
9485,2g3a
9486,73md
9487,fp35
9488,8ac7
9489,855p
9490,yxgx
9491,eg8c
9492,fx5y
9493,4y4y
9494,dyne
9495,45pg
9496,4xp8
9497,5be8
9498,a8m3
9499,ad6n
9500,8geb
9501,6555
9502,anym
9503,5ny3
9504,4myn
9505,gecc
9506,73em
9507,x34n
9508,bd24
9509,73wy
9510,b7fg
9511,444g
9512,mw3c
9513,yfnd
9514,2363
9515,nx5d
9516,4834
9517,8e2g
9518,awn3
9519,3yy4
9520,ge2a
9521,yw23
9522,d72m
9523,m2w7
9524,m82w
9525,662e
9526,2ncd
9527,fanm
9528,p7aa
9529,fw4f
9530,aaca
9531,c8nx
9532,5ag2
9533,87mf
9534,33yg
9535,pmg8
9536,gdpy
9537,abwc
9538,f2yf
9539,5n48
9540,wcmd
9541,5a7p
9542,6dfb
9543,b372
9544,xypb
9545,ydng
9546,x2by
9547,4aep
9548,862w
9549,dxd6
9550,nyc7
9551,m4cp
9552,nnym
9553,74p7
9554,nb2w
9555,bwc7
9556,p5fy
9557,pxeg
9558,388m
9559,bxbf
9560,7mc2
9561,amyp
9562,4nyp
9563,eeae
9564,d3f2
9565,7472
9566,ymnm
9567,e258
9568,ggxf
9569,4824
9570,mm3a
9571,x62n
9572,8ymm
9573,y4w5
9574,w6ew
9575,ee32
9576,wxc8
9577,b83e
9578,8xm5
9579,bfp4
9580,ac28
9581,c8g7
9582,3cmb
9583,gw62
9584,7dec
9585,pfb6
9586,6bcf
9587,fm4w
9588,dxpw
9589,86bm
9590,fa8e
9591,wbyy
9592,xgpa
9593,fy7g
9594,6gbe
9595,pm46
9596,gmey
9597,xmaa
9598,f4dm
9599,6dxb
9600,3224
9601,gnw5
9602,dcwn
9603,86ex
9604,axpb
9605,pwg2
9606,w5x8
9607,wbxy
9608,cgfm
9609,n4ba
9610,fn4p
9611,mm37
9612,dpd6
9613,by26
9614,c4d6
9615,3857
9616,d23d
9617,5cpm
9618,f82c
9619,m2e7
9620,36gd
9621,6p8d
9622,c4fy
9623,wxw7
9624,m76e
9625,ece4
9626,786d
9627,bdfw
9628,6mpx
9629,3wm2
9630,w3m5
9631,fa3p
9632,43w8
9633,ppm7
9634,wm7f
9635,f244
9636,b8a8
9637,72e6
9638,b783
9639,dc6f
9640,6dfe
9641,526w
9642,dcn4
9643,w6pa
9644,34xy
9645,5553
9646,y256
9647,a7pb
9648,4pb3
9649,n2ya
9650,gwyc
9651,6pmm
9652,f3xa
9653,fxdc
9654,b3em
9655,fb7x
9656,xbyn
9657,wnw3
9658,wa6a
9659,em8m
9660,48m2
9661,pced
9662,7xpx
9663,a7f3
9664,ce6n
9665,3m3c
9666,ebne
9667,8m4a
9668,mdn2
9669,ge44
9670,c8b2
9671,4ay7
9672,cpaf
9673,f276
9674,nbey
9675,aa4y
9676,4eam
9677,cbb2
9678,7d75
9679,55p7
9680,63d8
9681,gfe3
9682,7c8e
9683,53nf
9684,f63e
9685,ay57
9686,4mw4
9687,fcc4
9688,nabd
9689,wfa4
9690,wbpy
9691,f5y8
9692,axnx
9693,2x65
9694,7gna
9695,34gn
9696,78pm
9697,e4am
9698,2ywm
9699,px5w
9700,gy3m
9701,b8ae
9702,pp82
9703,5ey2
9704,a4p7
9705,8a6w
9706,6efw
9707,mp2n
9708,7n8d
9709,m8we
9710,f587
9711,82ga
9712,am64
9713,7248
9714,w4pa
9715,5b5b
9716,e652
9717,mff4
9718,88f4
9719,7w57
9720,y63c
9721,bxmf
9722,2n83
9723,dm25
9724,p6gy
9725,dya4
9726,64ax
9727,dp37
9728,x4ed
9729,cewn
9730,mgc7
9731,26pm
9732,bx6e
9733,4f6e
9734,wwcd
9735,wyd2
9736,d2e7
9737,6gwa
9738,dd78
9739,565p
9740,pd2y
9741,ygew
9742,mgg7
9743,6nc4
9744,8af5
9745,37w8
9746,yy3m
9747,xnx5
9748,fd55
9749,2w7c
9750,cncg
9751,7pgm
9752,fm42
9753,xgxc
9754,5e3f
9755,dwpb
9756,7x3w
9757,24n8
9758,w3wb
9759,2nba
9760,nxap
9761,fn46
9762,addm
9763,ya6e
9764,ppxy
9765,d652
9766,xbe5
9767,ybmx
9768,wxwa
9769,7d35
9770,568p
9771,3f47
9772,xpmg
9773,cm3b
9774,gm6x
9775,gd7w
9776,22x6
9777,mm7e
9778,5bdw
9779,nfgp
9780,ca28
9781,pbwp
9782,xpep
9783,6bc4
9784,2egg
9785,ax5w
9786,8p2p
9787,ac72
9788,n8yd
9789,3n8b
9790,me46
9791,7b44
9792,fxeb
9793,d555
9794,wx37
9795,34pb
9796,cnd8
9797,ymfp
9798,2bm4
9799,d2e5
9800,xy28
9801,75n5
9802,p4xm
9803,6w6g
9804,4m22
9805,mcce
9806,xcay
9807,ngyy
9808,gacf
9809,d4e3
9810,3de5
9811,c4xm
9812,pggy
9813,c5c8
9814,8m3x
9815,gegy
9816,p322
9817,nyb8
9818,g236
9819,p6np
9820,2yma
9821,2474
9822,pddd
9823,6ebb
9824,ynd4
9825,c3yn
9826,f2y4
9827,pd23
9828,3bpn
9829,ygbf
9830,83f4
9831,3pee
9832,d7c5
9833,dyg6
9834,df5g
9835,mwag
9836,fx46
9837,5345
9838,ema5
9839,fgy2
9840,8ay6
9841,7cga
9842,xnn4
9843,n4yg
9844,344f
9845,cnbc
9846,4e37
9847,b66f
9848,cccg
9849,ba8p
9850,f2bm
9851,28nm
9852,ya47
9853,3den
9854,fpnc
9855,c666
9856,54b7
9857,e7dd
9858,4ccw
9859,c52p
9860,bp42
9861,6wn3
9862,e4dw
9863,2bcm
9864,gmeb
9865,y7bm
9866,mae5
9867,ebam
9868,wfg5
9869,dfdd
9870,gc3b
9871,8mnm
9872,nbge
9873,xy8g
9874,xww2
9875,7xxp
9876,84n6
9877,gf7f
9878,c7b8
9879,x2wc
9880,e88a
9881,de75
9882,5xcb
9883,fy7f
9884,ndf2
9885,4d7y
9886,73xx
9887,bd3d
9888,ny8g
9889,p6ec
9890,7f7p
9891,mdea
9892,384w
9893,pcfd
9894,m7ac
9895,38b7
9896,emm4
9897,43yn
9898,yamm
9899,pb88
9900,p6a5
9901,eae3
9902,32a5
9903,x4e4
9904,nmwx
9905,emfg
9906,c5wn
9907,cpg8
9908,nfw2
9909,28aw
9910,2ec5
9911,7dfa
9912,2gwe
9913,cxgb
9914,3c6w
9915,nwyb
9916,368m
9917,ce86
9918,4865
9919,fdyp
9920,ge72
9921,xp22
9922,mmyn
9923,w4e8
9924,xd26
9925,6yn5
9926,eaxn
9927,gacg
9928,eefa
9929,2xyw
9930,46wp
9931,c532
9932,n5e4
9933,nnyx
9934,3e2p
9935,fc6w
9936,b5bw
9937,33gy
9938,3bdc
9939,ep2m
9940,dmb2
9941,2xdg
9942,3pwe
9943,3m6d
9944,d3a5
9945,cca3
9946,df42
9947,pg4m
9948,w3c7
9949,fdpf
9950,dbyw
9951,px8e
9952,yymb
9953,yeag
9954,m72p
9955,3x8b
9956,7m24
9957,77f2
9958,f4gb
9959,388y
9960,aceb
9961,f37p
9962,wg46
9963,y5bx
9964,x8ab
9965,68p7
9966,gf77
9967,ccpg
9968,bcgb
9969,ec8y
9970,ycw7
9971,cy56
9972,ce8b
9973,aa86
9974,gfya
9975,wg6g
9976,ab85
9977,7753
9978,4pmp
9979,577g
9980,b3yd
9981,yd5d
9982,en75
9983,bngc
9984,pyym
9985,678y
9986,6732
9987,8yxd
9988,4pa2
9989,d242
9990,p8ea
9991,ecp7
9992,x5bp
9993,7e3f
9994,m33m
9995,e2d7
9996,36mg
9997,p783
9998,w68c
9999,p3c6